region,date,alert_score,urgences_grippe,vaccination_2024,pct_65_plus,population_totale
Île-de-France,2024-01-01,27.044019950220395,160,60.46920207186244,16.036358330101418,4468534
Île-de-France,2024-01-08,20.916187936443023,374,68.95902735558901,18.49359340157155,5869220
Île-de-France,2024-01-15,36.649066892041944,168,74.9521625089969,22.38508699708775,11623841
Île-de-France,2024-01-22,27.012955316526426,78,46.21879290410445,21.275083491521162,7465651
Île-de-France,2024-01-29,80.72864023026213,401,48.99731549528333,24.64827702842505,8216367
Île-de-France,2024-02-05,86.35000169935942,476,40.95759949402144,21.546485338163663,5394818
Île-de-France,2024-02-12,33.859325051359484,390,49.24843345291674,16.078166763345056,11758111
Île-de-France,2024-02-19,24.5529276027788,198,65.8962001412277,20.28805436349107,4845997
Île-de-France,2024-02-26,76.87086811597783,165,26.428902421572275,19.083053272672355,5457283
Île-de-France,2024-03-04,74.06139149833662,152,50.85650055662924,17.464339257323495,10583127
Île-de-France,2024-03-11,63.35444276138864,193,32.78450049848858,19.47234016072588,10333031
Île-de-France,2024-03-18,22.55647087083741,322,28.395505536608933,17.949548199340434,9893774
Île-de-France,2024-03-25,58.23015005037948,366,47.9781069026122,19.061073273630363,2233417
Île-de-France,2024-04-01,29.441123544299163,72,36.184456710595704,23.6021974944814,707544
Île-de-France,2024-04-08,69.14029722676383,62,53.29931489776844,20.350929497659585,4047438
Île-de-France,2024-04-15,40.37160800321208,439,26.614620950111313,24.332832082434898,9455882
Île-de-France,2024-04-22,24.425521503551423,294,74.84958164188585,21.840635098089102,11480520
Île-de-France,2024-04-29,55.145968803467966,203,37.80785957204208,24.30164364977384,1215486
Île-de-France,2024-05-06,32.65739459899665,63,70.59943370436102,22.242522788287893,8810957
Île-de-France,2024-05-13,31.23080112853753,323,46.549141053993445,24.54731277012763,3302927
Île-de-France,2024-05-20,80.54341778710366,261,61.135665964477255,16.06390581122956,5573072
Île-de-France,2024-05-27,78.50291620410917,468,58.771496094918376,24.862662962328443,775335
Île-de-France,2024-06-03,76.94172227391078,303,30.080559289115776,15.226103108779164,3050015
Île-de-France,2024-06-10,53.59564570002281,375,34.50692730259323,19.566681620261768,5746445
Île-de-France,2024-06-17,65.56226105815773,385,53.61663124212935,24.693226822557165,4772360
Île-de-France,2024-06-24,89.81502213567937,439,40.38704758818722,15.08902361403205,2381824
Île-de-France,2024-07-01,71.22643575961582,112,32.49581719107074,17.185418098570963,1084807
Île-de-France,2024-07-08,82.79809877936358,287,59.70261094511791,20.43298563458785,7729744
Île-de-France,2024-07-15,77.22853742838679,359,57.12748735204995,17.051376540792155,9325440
Île-de-France,2024-07-22,56.52686593855475,295,47.321643374617665,20.56014577044232,1723353
Île-de-France,2024-07-29,61.743554813934225,475,67.56211286338646,20.04230259357859,7171252
Île-de-France,2024-08-05,37.06755812164156,412,51.901659178003754,16.80390000924311,6266077
Île-de-France,2024-08-12,46.00509936808807,289,43.741320913222495,23.496303668329325,780306
Île-de-France,2024-08-19,82.2919593201451,416,35.522213639741125,23.51831793943331,10592289
Île-de-France,2024-08-26,68.47500357311576,232,65.3001447685494,21.66648399318126,2033848
Île-de-France,2024-09-02,35.56977791433241,337,32.60482272156439,15.051304387856124,10643767
Île-de-France,2024-09-09,48.27665345918695,301,64.94604581389359,19.34961209498976,3662650
Île-de-France,2024-09-16,45.16797403235778,119,67.68255891455183,18.77595336970696,2306538
Île-de-France,2024-09-23,74.95683856460612,364,58.9893265496377,18.953651879976913,2533774
Île-de-France,2024-09-30,50.38821080252986,301,28.547327541019264,20.4077963796063,4247343
Île-de-France,2024-10-07,87.83094779033397,266,29.127868792366883,17.218745626562352,4450387
Île-de-France,2024-10-14,48.94447292558748,92,47.615585674403725,22.40435388038118,6253329
Île-de-France,2024-10-21,33.1091271687875,182,28.4588356608572,23.878835691321804,9305566
Île-de-France,2024-10-28,69.3649805478612,286,70.75357517228257,22.445434648670616,4627211
Île-de-France,2024-11-04,56.978759033280504,114,37.01106779792334,21.115013580210565,6770171
Île-de-France,2024-11-11,53.45454342602979,396,67.98135431982453,19.394736975572783,4591621
Île-de-France,2024-11-18,20.073190657336745,241,48.8009524291828,22.12253347257658,10444351
Île-de-France,2024-11-25,74.42722209165694,289,45.554295687239865,18.22171253605786,9202930
Île-de-France,2024-12-02,35.77781713950806,54,74.29144490410309,16.11114993030519,6139729
Île-de-France,2024-12-09,33.90860353651796,474,74.72054112685724,18.627715478390847,1363236
Île-de-France,2024-12-16,78.25370019021132,396,54.82026304461756,19.0726698602611,3294750
Île-de-France,2024-12-23,48.54345328258171,388,66.36405111625575,20.159231749073772,8270347
Auvergne-Rhône-Alpes,2024-01-01,34.93394717669682,388,31.129852066182977,22.20379766493684,9045911
Auvergne-Rhône-Alpes,2024-01-08,25.26019430135534,353,40.139463916571735,19.328129966331577,9655247
Auvergne-Rhône-Alpes,2024-01-15,55.47668938661164,140,38.934734056731216,23.27346322359454,10632227
Auvergne-Rhône-Alpes,2024-01-22,37.198401475495956,226,57.06377390309799,19.18373063439467,2497139
Auvergne-Rhône-Alpes,2024-01-29,47.24510411247344,218,59.05236860712048,23.898040735217084,2855191
Auvergne-Rhône-Alpes,2024-02-05,88.88291906627937,75,29.59254723525223,20.844778464827428,9954827
Auvergne-Rhône-Alpes,2024-02-12,44.94728696121239,261,34.41935455017841,17.444969662237906,3221068
Auvergne-Rhône-Alpes,2024-02-19,20.768622816593787,366,48.813969678155665,24.479259501563554,3429112
Auvergne-Rhône-Alpes,2024-02-26,50.53497331475392,464,42.74730388678058,24.46613453319963,10724792
Auvergne-Rhône-Alpes,2024-03-04,69.95598989759938,129,62.260626864797544,20.8987231465136,9411109
Auvergne-Rhône-Alpes,2024-03-11,87.79424382169458,340,40.46344610061561,16.95216774654751,10929844
Auvergne-Rhône-Alpes,2024-03-18,53.02069768371969,411,25.23925601912964,23.785830126476295,7157663
Auvergne-Rhône-Alpes,2024-03-25,88.60455812964035,197,46.82243637096942,21.485319427547402,2355957
Auvergne-Rhône-Alpes,2024-04-01,21.560480139422904,429,52.81005361852986,20.55337534871974,10384451
Auvergne-Rhône-Alpes,2024-04-08,47.741471022350126,376,33.49361152719547,24.57532676181568,3819967
Auvergne-Rhône-Alpes,2024-04-15,52.424017832299285,78,60.65394379507051,15.670146821986608,11977049
Auvergne-Rhône-Alpes,2024-04-22,30.042231399374273,242,50.684187561648095,18.420527030642834,5065497
Auvergne-Rhône-Alpes,2024-04-29,79.80871242318193,189,62.74796508499065,21.761115801566497,4514163
Auvergne-Rhône-Alpes,2024-05-06,29.28093556503189,218,35.07881060745503,17.402682082222327,4344534
Auvergne-Rhône-Alpes,2024-05-13,61.0973200521617,458,37.27377197449544,22.45790778289565,9678906
Auvergne-Rhône-Alpes,2024-05-20,87.87095669152473,465,51.46642033668638,16.21233800988607,9601014
Auvergne-Rhône-Alpes,2024-05-27,38.102385140985604,179,32.33903616556396,22.525680760397428,6050527
Auvergne-Rhône-Alpes,2024-06-03,57.19247877970714,216,65.02598548246849,21.40755427121033,6364364
Auvergne-Rhône-Alpes,2024-06-10,73.37374512984893,340,53.31080149450077,23.147344680472422,1442817
Auvergne-Rhône-Alpes,2024-06-17,39.58460783952622,55,69.53778592148906,18.70043877655503,2843816
Auvergne-Rhône-Alpes,2024-06-24,34.54386673082012,229,32.597729589873154,21.262262151922126,5724180
Auvergne-Rhône-Alpes,2024-07-01,53.339590674186084,236,26.01330924228793,24.585235150742395,11041972
Auvergne-Rhône-Alpes,2024-07-08,56.07720708493517,404,51.74204391900445,24.160368897045192,1864800
Auvergne-Rhône-Alpes,2024-07-15,59.927216961040514,208,69.24593395011324,19.41168849538885,9867039
Auvergne-Rhône-Alpes,2024-07-22,68.18716658695267,303,47.98512944354057,18.824972579323273,2747660
Auvergne-Rhône-Alpes,2024-07-29,53.486989601582344,111,47.7718031284387,18.065611835693744,6170296
Auvergne-Rhône-Alpes,2024-08-05,74.3946504539234,134,51.0594630089727,22.39759199227093,8066544
Auvergne-Rhône-Alpes,2024-08-12,73.00577249675283,457,35.58233127183205,20.073341465112627,10778787
Auvergne-Rhône-Alpes,2024-08-19,44.36989412704861,359,36.875777636433654,18.176872418655375,4123784
Auvergne-Rhône-Alpes,2024-08-26,68.47408067797922,107,31.939678700603224,21.713356591700585,11012423
Auvergne-Rhône-Alpes,2024-09-02,53.7314025183413,274,58.009912204994876,20.345183173411744,2274576
Auvergne-Rhône-Alpes,2024-09-09,84.830855693602,174,73.6058059239481,22.720234434371154,10838405
Auvergne-Rhône-Alpes,2024-09-16,21.607447481332358,390,36.20180136302279,20.09105721332864,2076157
Auvergne-Rhône-Alpes,2024-09-23,59.38389947948638,69,61.023116649521924,15.637680058222164,3689664
Auvergne-Rhône-Alpes,2024-09-30,37.1241938918354,496,42.93543350935482,19.374163549961153,8546908
Auvergne-Rhône-Alpes,2024-10-07,51.30956303660349,229,69.90213347006876,24.157084549951175,11933154
Auvergne-Rhône-Alpes,2024-10-14,58.90306612769773,197,35.31683362229655,22.480289816110673,7869948
Auvergne-Rhône-Alpes,2024-10-21,44.89262091490003,388,55.103588497581,16.440030385406878,8656040
Auvergne-Rhône-Alpes,2024-10-28,72.64865631186193,151,27.88279080406299,21.550503734154635,7607353
Auvergne-Rhône-Alpes,2024-11-04,55.13737578817715,353,60.27812742504447,20.64522052743909,6970734
Auvergne-Rhône-Alpes,2024-11-11,34.77599858387744,108,48.68399094796641,24.506893568643758,4313647
Auvergne-Rhône-Alpes,2024-11-18,39.03648914028359,196,48.67515882049982,18.617737293450116,3088715
Auvergne-Rhône-Alpes,2024-11-25,63.49880285442328,430,60.91137070227357,15.913317372142785,3233586
Auvergne-Rhône-Alpes,2024-12-02,28.08621287564482,154,54.25495482482063,15.463650331669594,8271566
Auvergne-Rhône-Alpes,2024-12-09,77.45295143192419,379,38.20834913841648,18.169356226665833,5374290
Auvergne-Rhône-Alpes,2024-12-16,59.83475355432217,448,33.79491772527406,20.78855735279617,6411674
Auvergne-Rhône-Alpes,2024-12-23,81.18367948551719,488,26.949361512524224,18.59149776792531,2944327
Provence-Alpes-Côte d'Azur,2024-01-01,67.3750504832728,174,27.407420082969903,19.216089787604396,4157594
Provence-Alpes-Côte d'Azur,2024-01-08,38.67971291352943,374,42.20237206866632,15.256160125187394,8972409
Provence-Alpes-Côte d'Azur,2024-01-15,71.7465945630557,271,52.11478278295883,17.625941525461787,4087171
Provence-Alpes-Côte d'Azur,2024-01-22,57.007614566785215,425,35.229919936785194,24.893388369116778,3888761
Provence-Alpes-Côte d'Azur,2024-01-29,59.77590067829666,209,29.6001372250695,19.937514694873826,2605160
Provence-Alpes-Côte d'Azur,2024-02-05,27.700124004122337,277,29.640494894928555,24.595667461732432,9928192
Provence-Alpes-Côte d'Azur,2024-02-12,76.35941731975294,346,36.18515863740372,23.69279515716025,8239154
Provence-Alpes-Côte d'Azur,2024-02-19,89.14109017605266,362,45.05247273085955,23.073574296095835,6169207
Provence-Alpes-Côte d'Azur,2024-02-26,31.18287854253186,351,58.736731394877545,21.176588173477437,1365396
Provence-Alpes-Côte d'Azur,2024-03-04,54.77818099977734,475,67.38637322557392,19.759100636826258,539319
Provence-Alpes-Côte d'Azur,2024-03-11,65.52565937128594,242,40.35212346421629,20.953012324985945,10552144
Provence-Alpes-Côte d'Azur,2024-03-18,80.3983701126542,124,47.5237980472087,23.367980970105762,2979601
Provence-Alpes-Côte d'Azur,2024-03-25,40.69925056993249,462,56.05382599283639,15.359063668612057,10342892
Provence-Alpes-Côte d'Azur,2024-04-01,77.45536897656767,453,33.27083257372166,20.09020536458548,9633560
Provence-Alpes-Côte d'Azur,2024-04-08,68.93835837490904,239,38.526255322605365,20.65493001336991,8216437
Provence-Alpes-Côte d'Azur,2024-04-15,25.21417566082327,96,52.99933480614237,21.499811231181695,7432567
Provence-Alpes-Côte d'Azur,2024-04-22,43.2540869710244,62,72.2704590372032,19.929190653248842,4238125
Provence-Alpes-Côte d'Azur,2024-04-29,32.10473528183417,60,61.99889277337114,23.039955154965842,5330541
Provence-Alpes-Côte d'Azur,2024-05-06,45.82468904296801,260,64.19267236836268,18.185641589424055,1216993
Provence-Alpes-Côte d'Azur,2024-05-13,25.124915699032982,69,54.17150448765873,18.230591309522808,4844953
Provence-Alpes-Côte d'Azur,2024-05-20,43.05800772128784,87,72.46883655820862,16.140052089793045,1971985
Provence-Alpes-Côte d'Azur,2024-05-27,57.24715435629624,433,61.10598576346795,17.862307223346587,8638713
Provence-Alpes-Côte d'Azur,2024-06-03,70.36115933269188,267,35.35395589688274,17.15325683044489,7568024
Provence-Alpes-Côte d'Azur,2024-06-10,52.522338300724314,79,72.72906183996338,18.430951013307244,10365134
Provence-Alpes-Côte d'Azur,2024-06-17,54.84386232221215,280,35.83236467487894,15.256027541117644,8045366
Provence-Alpes-Côte d'Azur,2024-06-24,75.02251706600178,213,55.60361797827321,24.68985017198021,2576181
Provence-Alpes-Côte d'Azur,2024-07-01,84.17849737084838,420,69.66586699610998,21.802370640485282,8587280
Provence-Alpes-Côte d'Azur,2024-07-08,42.46174021342015,177,64.081143013966,24.42694692172748,4829589
Provence-Alpes-Côte d'Azur,2024-07-15,59.488514478228105,386,65.6362188183484,24.31715403459539,6346748
Provence-Alpes-Côte d'Azur,2024-07-22,25.148652312667746,301,48.685389324024825,23.17916746218464,7489665
Provence-Alpes-Côte d'Azur,2024-07-29,28.36019913946725,161,67.14189414430412,17.72010876808839,4659747
Provence-Alpes-Côte d'Azur,2024-08-05,56.326225210144976,459,26.040832000192506,18.314967416914143,2326568
Provence-Alpes-Côte d'Azur,2024-08-12,35.64893584307496,54,52.36449397128723,20.38090835689242,3869400
Provence-Alpes-Côte d'Azur,2024-08-19,74.33606877275034,118,74.70379866516758,24.52602430305081,11674057
Provence-Alpes-Côte d'Azur,2024-08-26,40.54606426319802,216,54.99822739395269,20.60298330471132,913792
Provence-Alpes-Côte d'Azur,2024-09-02,84.04558129250874,452,31.03844400049861,23.081380802318385,3398285
Provence-Alpes-Côte d'Azur,2024-09-09,30.063884000622483,96,60.992367982627435,23.968169863642917,2722095
Provence-Alpes-Côte d'Azur,2024-09-16,72.66890494180015,181,31.501275709231447,17.128711692778957,9854698
Provence-Alpes-Côte d'Azur,2024-09-23,67.81632234582086,355,34.15612958487824,20.389267753059528,9261628
Provence-Alpes-Côte d'Azur,2024-09-30,67.14842221849446,57,34.753415986380034,15.626643934190241,9537482
Provence-Alpes-Côte d'Azur,2024-10-07,64.46965395144447,421,48.990044734559405,15.97996350048369,1450512
Provence-Alpes-Côte d'Azur,2024-10-14,64.59901849674841,270,59.83129106275217,18.11892443132493,11862636
Provence-Alpes-Côte d'Azur,2024-10-21,25.522729324480608,312,31.909364348373252,23.39845984411532,3305444
Provence-Alpes-Côte d'Azur,2024-10-28,31.01437648991583,374,31.55038155572453,22.248297913465258,2889259
Provence-Alpes-Côte d'Azur,2024-11-04,35.29494283116675,82,32.08996007960786,16.004578566255223,5902225
Provence-Alpes-Côte d'Azur,2024-11-11,69.27552580887154,482,59.46698123134897,21.15991673609199,3541243
Provence-Alpes-Côte d'Azur,2024-11-18,20.707083903433986,386,30.267373181923247,15.942694839521792,11079778
Provence-Alpes-Côte d'Azur,2024-11-25,28.90912630039151,385,62.17641780171264,23.640223293490834,11270756
Provence-Alpes-Côte d'Azur,2024-12-02,30.304788754800043,473,61.823986953492536,18.132039672353503,5672019
Provence-Alpes-Côte d'Azur,2024-12-09,67.07453535081912,401,45.07336210129826,19.04772304408557,5833194
Provence-Alpes-Côte d'Azur,2024-12-16,44.94311129770464,191,73.71668545089028,20.050989524876936,9965360
Provence-Alpes-Côte d'Azur,2024-12-23,45.97655743993045,269,46.09045527203777,15.986625008567731,5261629
Nouvelle-Aquitaine,2024-01-01,37.8764541846383,373,47.85669200396514,22.67282713880639,6508589
Nouvelle-Aquitaine,2024-01-08,86.65430461612492,355,45.73995885758435,16.63644214887553,10789431
Nouvelle-Aquitaine,2024-01-15,44.17671170368675,321,37.055070792079476,16.105131337236134,5827342
Nouvelle-Aquitaine,2024-01-22,69.79174497839162,295,46.75093044346399,15.22288481958893,10085654
Nouvelle-Aquitaine,2024-01-29,82.18687483646289,302,36.22558848302611,19.608094807218933,797365
Nouvelle-Aquitaine,2024-02-05,56.0821587601027,499,32.92445091082693,21.66204809194333,5379651
Nouvelle-Aquitaine,2024-02-12,67.25013074400071,129,65.43265482165151,20.382505376389048,8433932
Nouvelle-Aquitaine,2024-02-19,75.67874209386655,195,32.60330946689785,16.997299729918744,2287512
Nouvelle-Aquitaine,2024-02-26,48.9575095511882,350,73.77568803012021,22.70802758448352,9914037
Nouvelle-Aquitaine,2024-03-04,64.01940765650501,384,61.682420225994115,19.524081683449463,8828755
Nouvelle-Aquitaine,2024-03-11,81.37437176992083,418,29.536331321182463,19.925693502446833,8782663
Nouvelle-Aquitaine,2024-03-18,77.36177240392173,157,62.31092829795088,23.48063648712563,3235166
Nouvelle-Aquitaine,2024-03-25,54.02116189558509,313,31.171360544280763,20.988137293128865,6310572
Nouvelle-Aquitaine,2024-04-01,20.282755484406813,107,73.03023802520836,15.217835657187585,2707083
Nouvelle-Aquitaine,2024-04-08,89.3297983097563,382,39.81121144382318,17.06139715256057,10236620
Nouvelle-Aquitaine,2024-04-15,52.053782829695514,222,41.785501092294155,20.846430922424027,7353704
Nouvelle-Aquitaine,2024-04-22,24.880151248524825,378,49.67009026410167,24.551391718199106,3991040
Nouvelle-Aquitaine,2024-04-29,74.09606689034395,436,58.443351504355356,19.24414267398174,8716071
Nouvelle-Aquitaine,2024-05-06,24.604319217851646,145,47.181013705980284,19.658950568176444,4856664
Nouvelle-Aquitaine,2024-05-13,28.439743919408716,232,70.53041006773933,17.136286675186497,11945787
Nouvelle-Aquitaine,2024-05-20,78.20089658023076,374,56.76408809347369,17.787161874334764,838348
Nouvelle-Aquitaine,2024-05-27,80.32158185641612,395,31.182914570060582,19.245328852486868,11209514
Nouvelle-Aquitaine,2024-06-03,40.50868822280174,94,36.44149009477254,22.303014769585538,4372945
Nouvelle-Aquitaine,2024-06-10,80.54246976760338,433,40.30363167276505,17.009132541388745,1216093
Nouvelle-Aquitaine,2024-06-17,81.33961064550256,464,51.69419307926291,18.228822953191195,11348790
Nouvelle-Aquitaine,2024-06-24,23.893567638699682,60,72.39774860690315,15.496100774426559,7365785
Nouvelle-Aquitaine,2024-07-01,20.50529252164553,380,33.08116367985316,17.546195029185142,6944489
Nouvelle-Aquitaine,2024-07-08,81.59693790932371,85,55.00581800258516,16.491191397232477,3364191
Nouvelle-Aquitaine,2024-07-15,81.11686609582777,362,70.23908502284723,18.333471612567937,2454325
Nouvelle-Aquitaine,2024-07-22,78.37413724822153,147,67.37344395240846,16.353697661900828,9048137
Nouvelle-Aquitaine,2024-07-29,23.639566945603214,168,67.84791200869122,15.623699356049974,1289111
Nouvelle-Aquitaine,2024-08-05,40.75651239885832,286,52.793468128249124,19.237239849401256,4638265
Nouvelle-Aquitaine,2024-08-12,45.31285689820525,453,51.155552617606205,22.429030781583407,10940241
Nouvelle-Aquitaine,2024-08-19,23.052595105088272,182,28.686809672941145,24.218127798329064,7975121
Nouvelle-Aquitaine,2024-08-26,79.95178609090264,291,46.37559518020258,23.4107741307753,9757387
Nouvelle-Aquitaine,2024-09-02,57.16389773805926,412,54.49762728363588,18.54461328539965,10380118
Nouvelle-Aquitaine,2024-09-09,51.06151883652437,110,60.45107646681218,17.90285477850058,10806391
Nouvelle-Aquitaine,2024-09-16,31.8152270046453,347,39.06852498651277,20.75891835263849,3922676
Nouvelle-Aquitaine,2024-09-23,77.69439214956452,101,65.20882715179826,23.791076066587422,1130447
Nouvelle-Aquitaine,2024-09-30,62.39688552374935,172,44.660316437791266,15.879543910752979,4878119
Nouvelle-Aquitaine,2024-10-07,32.258632819939216,325,67.79556555067558,17.787187214951597,4395751
Nouvelle-Aquitaine,2024-10-14,41.658629784781034,337,44.832719730438534,20.934143980303453,3451229
Nouvelle-Aquitaine,2024-10-21,72.03466253008354,432,68.41067441383466,21.889559144083798,6243710
Nouvelle-Aquitaine,2024-10-28,26.852668943667133,337,72.12214501172637,16.792704031448906,7480455
Nouvelle-Aquitaine,2024-11-04,45.953327882023665,384,43.850558273430195,16.666934082687565,6620788
Nouvelle-Aquitaine,2024-11-11,30.8081672617553,209,74.25743048743811,16.91364342662029,8695538
Nouvelle-Aquitaine,2024-11-18,50.844780090394124,372,42.84326045880524,22.426369786847083,9588209
Nouvelle-Aquitaine,2024-11-25,77.63167456427009,464,74.0754412213704,22.869451060821905,1980694
Nouvelle-Aquitaine,2024-12-02,50.04217399968199,153,49.53997584866058,17.713625967752005,9999326
Nouvelle-Aquitaine,2024-12-09,66.86885456392167,454,73.7465845208923,20.710836122706034,10557458
Nouvelle-Aquitaine,2024-12-16,37.76851110530583,93,33.84646041503598,21.370112194892513,3465944
Nouvelle-Aquitaine,2024-12-23,21.7014059515087,254,73.85012352061413,15.954360998170438,10553656
Occitanie,2024-01-01,20.364453169089813,249,62.115837854968,20.765563415247087,3764716
Occitanie,2024-01-08,24.237893913188163,431,66.83016596830332,16.996847972592438,8780390
Occitanie,2024-01-15,20.089934013239606,143,71.98497666263444,24.60097042706375,9121525
Occitanie,2024-01-22,23.250777809378416,191,31.47374062275644,15.82467845815422,6380138
Occitanie,2024-01-29,22.41998131423775,407,62.03837937645512,20.20679536161904,600545
Occitanie,2024-02-05,50.36346081171552,202,41.104475398928365,17.7678886062648,11597638
Occitanie,2024-02-12,50.70819944950788,123,57.95625265504874,21.921389647317508,2190909
Occitanie,2024-02-19,89.21970692690572,89,72.7206326161539,17.93071825198329,8365961
Occitanie,2024-02-26,24.301971504477013,275,74.62054115595568,21.916845168710363,11560022
Occitanie,2024-03-04,80.07236082633051,383,58.55272831823571,19.121757490409987,6589076
Occitanie,2024-03-11,67.68578467244929,166,44.58565612833375,17.13220132236738,3187061
Occitanie,2024-03-18,23.199001006492274,127,51.32203350235081,18.83425766251237,7300706
Occitanie,2024-03-25,82.336904471156,496,33.07977174045636,21.568044706663418,2320255
Occitanie,2024-04-01,22.50158546879945,415,64.18639802867875,23.141942266584664,5708770
Occitanie,2024-04-08,28.44333374198043,438,35.29756738805,20.345652997357337,1963269
Occitanie,2024-04-15,43.90701694172295,218,46.02975532125002,20.5745255211153,9275870
Occitanie,2024-04-22,36.599450428644225,136,69.5180747979965,21.529569628765895,11387622
Occitanie,2024-04-29,28.59831039924457,145,68.78257329174905,20.54714690188437,2509041
Occitanie,2024-05-06,58.57520639574363,291,55.215444579690256,23.64433696287846,7473788
Occitanie,2024-05-13,40.62627135948014,324,46.21102615928662,20.171687290692834,1660412
Occitanie,2024-05-20,40.56417195311608,80,26.60444606260959,20.0201042120629,10587563
Occitanie,2024-05-27,39.37862385354952,75,63.332162404541315,23.3216005299394,5215277
Occitanie,2024-06-03,59.10523362315683,234,48.45447984607778,22.707399074559696,9969906
Occitanie,2024-06-10,80.74137341279791,198,73.37969748842764,22.55027495662679,7419966
Occitanie,2024-06-17,47.714425844107176,420,47.57400446727219,18.24594938787915,10168899
Occitanie,2024-06-24,59.585600588720645,290,42.13604536038108,22.142094267146412,6726911
Occitanie,2024-07-01,73.48332728612668,403,58.69610137339492,17.61518566109131,7599119
Occitanie,2024-07-08,55.135063534535504,193,67.04743089729537,22.245718217299903,3136006
Occitanie,2024-07-15,83.45711494589929,412,26.932905183213435,15.129170784799783,2121935
Occitanie,2024-07-22,71.01830624793351,371,63.293535223159026,24.69530793659541,11159458
Occitanie,2024-07-29,47.335782078350164,474,29.240500891453593,18.845778049193136,5484977
Occitanie,2024-08-05,33.69514147276371,269,54.07081945741896,18.331994667537664,10310367
Occitanie,2024-08-12,64.1226323718184,114,55.10560342706843,18.26732218537639,2935005
Occitanie,2024-08-19,56.47184637871181,107,66.89803484701274,23.90917809220723,9195785
Occitanie,2024-08-26,69.57759090984965,74,47.856118958376875,18.161312611053816,10171423
Occitanie,2024-09-02,67.13414140041888,262,70.13517523998547,21.290099927066038,3403441
Occitanie,2024-09-09,46.0264633442951,344,39.50094293494026,19.075335248374074,2692111
Occitanie,2024-09-16,60.859923475338206,227,60.15987566112906,24.30472258106764,2228932
Occitanie,2024-09-23,64.27497532323822,374,40.771610211104445,21.384151143924274,6376920
Occitanie,2024-09-30,62.09372084207594,131,32.56315855237306,23.045646348959085,8037156
Occitanie,2024-10-07,81.44773355913007,91,37.10977272289941,24.58227635992243,6447305
Occitanie,2024-10-14,61.761355877557186,257,63.28507510498634,24.001832398509542,845927
Occitanie,2024-10-21,22.360666953631032,339,26.089343967237372,21.90690868977128,7444150
Occitanie,2024-10-28,78.752114155814,463,66.0364685634882,23.848567216559346,8054649
Occitanie,2024-11-04,35.82466180278791,253,46.61104477737734,23.917020186589525,5611249
Occitanie,2024-11-11,46.674146387583896,390,48.84133763543845,22.13857922729341,11272988
Occitanie,2024-11-18,66.18303519802285,453,70.46157075691802,19.33262008647956,5526834
Occitanie,2024-11-25,86.99638224656333,198,54.0871624089915,17.38899636496123,3423190
Occitanie,2024-12-02,52.28761467072658,180,41.533786022900216,19.139741936562203,7475354
Occitanie,2024-12-09,78.71118892502501,217,50.36141589490102,15.088953045990696,8095571
Occitanie,2024-12-16,58.296213699209666,297,28.457033410759415,20.004675220757775,11726661
Occitanie,2024-12-23,48.3272391181705,66,44.8115184757876,19.197523050760708,10557710
Grand Est,2024-01-01,68.871831157536,88,40.93346912027669,23.53018654759914,3510825
Grand Est,2024-01-08,84.83286578010042,432,67.39361920003495,17.401929554713476,4220288
Grand Est,2024-01-15,42.12335436797929,260,73.39059843627446,18.94957443370319,8383376
Grand Est,2024-01-22,60.96780541697011,446,28.432459623254218,22.473357951756466,2928974
Grand Est,2024-01-29,67.55558604201848,93,64.02001287291762,18.039225591248268,4722136
Grand Est,2024-02-05,33.78713506419428,183,58.31353878183648,24.712675446865838,3827209
Grand Est,2024-02-12,84.98391360073686,418,29.268108855939364,24.520710256793766,10075050
Grand Est,2024-02-19,83.99285706247493,71,25.844337933143493,20.05854633199906,4541920
Grand Est,2024-02-26,81.75389414713077,338,56.943123769913534,17.200924580887282,4809143
Grand Est,2024-03-04,80.33257593153334,416,72.28172158821023,16.388842716074095,3091172
Grand Est,2024-03-11,86.94113241223357,369,62.64443727757696,24.884837544847862,3743425
Grand Est,2024-03-18,31.354216311262398,118,42.33718594378256,16.81638041228146,4078444
Grand Est,2024-03-25,57.183071492845286,384,25.470678961548778,22.935386496657177,6143363
Grand Est,2024-04-01,86.27323780670028,251,29.558790505859,21.436742620425687,9262589
Grand Est,2024-04-08,63.104096905406394,167,74.52394677977225,17.29921045985539,10535659
Grand Est,2024-04-15,34.305666308061376,392,67.71314402780042,19.11728071551734,5788591
Grand Est,2024-04-22,79.41126033122949,88,62.100635888911796,19.988595802417777,3026973
Grand Est,2024-04-29,36.38747588424409,95,27.974413332396857,15.631668548797812,11215168
Grand Est,2024-05-06,55.08399390508583,68,56.614298395696224,20.896566662630025,7266789
Grand Est,2024-05-13,80.59082395048634,166,62.223782041604984,24.636909512379027,11199918
Grand Est,2024-05-20,28.21657169035633,303,73.05367818945072,24.83006241574968,2487390
Grand Est,2024-05-27,74.33331185224175,446,48.055086866832994,20.337049342178197,7956855
Grand Est,2024-06-03,21.235932490423547,445,58.040364765771244,23.692279469679626,4319056
Grand Est,2024-06-10,59.66712049394563,122,42.08676906503456,21.795764398707803,3031571
Grand Est,2024-06-17,85.37538011650857,161,41.48867772553734,19.711115677708325,5346343
Grand Est,2024-06-24,42.33775391235821,121,49.403322917933394,18.874574726803456,4346978
Grand Est,2024-07-01,66.19732682296662,270,63.208310076870724,17.19921193493997,790994
Grand Est,2024-07-08,72.88044833094585,422,34.83591396195594,24.982139293846643,9918591
Grand Est,2024-07-15,63.50610868859982,220,46.88024912092492,21.714583388293693,4919411
Grand Est,2024-07-22,29.084150332207543,314,33.59968073447106,19.12062278146733,7511288
Grand Est,2024-07-29,85.85661206802493,479,52.022219896654335,19.545545405802784,8417619
Grand Est,2024-08-05,31.776318409526965,133,50.96834186882732,23.4104781621503,6991991
Grand Est,2024-08-12,69.15655412142131,429,55.11982900758288,17.114251262782872,2839855
Grand Est,2024-08-19,56.716244619371594,269,30.837772957683935,19.112674627855924,10744710
Grand Est,2024-08-26,85.96179011608636,370,48.390809832238055,24.47384584507525,4511386
Grand Est,2024-09-02,54.22226909928874,302,62.49282155341177,24.174766556927004,11432712
Grand Est,2024-09-09,40.20012329136924,200,67.04431135469913,17.707746353789563,11999140
Grand Est,2024-09-16,43.38092689327339,465,35.27077133432623,20.091961890645113,11033576
Grand Est,2024-09-23,52.04555693976685,465,29.414205668192118,16.056762899099258,4965139
Grand Est,2024-09-30,42.4319645148143,340,47.97220124908237,17.760838461946264,11049481
Grand Est,2024-10-07,59.6443686437359,51,56.39985780538754,15.180907494802256,3444274
Grand Est,2024-10-14,44.544578191808036,361,51.190010573500984,23.745904929583237,9208645
Grand Est,2024-10-21,59.35393848101446,475,47.96139147562798,22.75337787156182,3707705
Grand Est,2024-10-28,61.18614847268216,302,28.85158077694362,22.74468383658674,5433737
Grand Est,2024-11-04,71.73868666073224,271,68.12919331102079,24.75153431814545,11372926
Grand Est,2024-11-11,26.867520446135977,351,64.91683784318279,20.397785262431103,6089746
Grand Est,2024-11-18,69.45463171134405,266,27.00364063027228,23.47414014723252,1225501
Grand Est,2024-11-25,83.62054003625465,275,65.80785124808052,21.73985943469875,4903646
Grand Est,2024-12-02,77.66820723773688,376,42.59080463889063,15.228587383525284,8338050
Grand Est,2024-12-09,49.97297442522669,268,44.00239194452145,19.0208553254874,7600954
Grand Est,2024-12-16,69.0323804159276,431,73.63662688713427,17.789552499725914,762602
Grand Est,2024-12-23,40.840522870313116,398,31.484424938033477,23.839169627289365,7709031
Hauts-de-France,2024-01-01,71.4673479383084,126,31.07172748250462,21.670819504358672,3419030
Hauts-de-France,2024-01-08,27.285842835386685,224,28.976712406787602,15.061885969805038,9761045
Hauts-de-France,2024-01-15,45.06703139311549,300,32.29831963779035,15.953278561696711,3415663
Hauts-de-France,2024-01-22,84.94184551928032,388,63.31138328366871,15.758397850089253,10207912
Hauts-de-France,2024-01-29,73.99708448200387,357,63.73979552913223,18.334027120191752,8554758
Hauts-de-France,2024-02-05,82.56007608921794,107,64.77901944095575,24.15051762267507,7342197
Hauts-de-France,2024-02-12,56.41626010726243,300,51.11847747109921,19.103852581584196,4721905
Hauts-de-France,2024-02-19,87.27079907993608,57,45.91199088367111,22.384420806343492,5339221
Hauts-de-France,2024-02-26,37.3592644958903,67,70.83620795519339,24.103452300045834,7813246
Hauts-de-France,2024-03-04,24.320953668319472,228,48.43498820206421,15.64260659481929,11938823
Hauts-de-France,2024-03-11,31.293144202264685,486,35.178688887095134,15.090138243115904,11382022
Hauts-de-France,2024-03-18,28.975432308595373,290,25.50144892983327,19.453746785239627,4669231
Hauts-de-France,2024-03-25,46.13656112774726,269,25.63991588565638,22.925650515163966,9151017
Hauts-de-France,2024-04-01,61.57966143485436,82,49.034328394844536,22.69303527648231,1154770
Hauts-de-France,2024-04-08,24.45533144101594,157,31.556203484911,16.083616680571147,8689363
Hauts-de-France,2024-04-15,83.8687175768834,99,58.44787768103893,19.516130689758967,8706977
Hauts-de-France,2024-04-22,38.160167462289515,381,70.71206097113732,19.037362406732072,9755494
Hauts-de-France,2024-04-29,86.56173304883012,317,36.49802407608598,15.830373840961197,3509673
Hauts-de-France,2024-05-06,22.54417917138504,301,69.23288632161312,24.095676256569707,8011517
Hauts-de-France,2024-05-13,65.58467501181757,210,39.932686726563055,19.14832958337094,5379551
Hauts-de-France,2024-05-20,37.62692927094361,167,35.08093250319146,23.453731334299032,11104903
Hauts-de-France,2024-05-27,24.685755186391436,79,44.496706417863074,23.3258069497995,6731296
Hauts-de-France,2024-06-03,58.070526163866994,389,66.57803624204173,17.279765852063225,4434960
Hauts-de-France,2024-06-10,23.728188577703985,343,46.44990562915227,23.1146310708223,11004494
Hauts-de-France,2024-06-17,80.89415788046647,159,73.27048178876487,16.381616320354205,5052267
Hauts-de-France,2024-06-24,88.26612450529088,247,36.4234121128292,17.561965799236052,11035387
Hauts-de-France,2024-07-01,77.47262659008058,74,58.798458963153486,15.177198128090193,11618951
Hauts-de-France,2024-07-08,38.75865607834698,315,54.45244505939748,15.220672222926638,3852040
Hauts-de-France,2024-07-15,23.818330926095534,95,57.342794113465644,23.623571031503904,8398774
Hauts-de-France,2024-07-22,66.63417490247592,136,41.79019461402205,19.9843124463177,6578739
Hauts-de-France,2024-07-29,48.70556214096153,65,33.585447376760015,20.18333317958095,2479055
Hauts-de-France,2024-08-05,21.07270923205123,298,26.409080295974146,19.927992241597114,10128009
Hauts-de-France,2024-08-12,51.044399560517135,207,67.08182838472258,16.788734112689692,2706030
Hauts-de-France,2024-08-19,71.90245126339049,288,30.564332149883267,20.836711807238185,6125895
Hauts-de-France,2024-08-26,39.12105464461406,144,68.81462393041868,17.661595411636544,941156
Hauts-de-France,2024-09-02,83.6221369798243,180,26.851751631097454,22.29632268312814,3526698
Hauts-de-France,2024-09-09,43.64901762085245,131,47.53820997618025,22.14065183411867,7842649
Hauts-de-France,2024-09-16,78.0056532275758,351,57.116153669443115,24.635704839087015,4907348
Hauts-de-France,2024-09-23,80.52372707034635,464,36.15537722639044,23.644564162477465,8302005
Hauts-de-France,2024-09-30,42.182328994226694,130,44.56358079660388,16.468996425671914,4112627
Hauts-de-France,2024-10-07,72.11767991071727,460,53.07208963285344,18.57203833098736,7144513
Hauts-de-France,2024-10-14,27.603330708209572,258,70.01813626069054,18.933563658392412,10841522
Hauts-de-France,2024-10-21,30.303003837448834,62,63.64524196132306,15.256836969103931,2437831
Hauts-de-France,2024-10-28,79.69632110490619,365,27.27267901415041,24.188290070631815,2293520
Hauts-de-France,2024-11-04,68.17540557329347,485,36.2255805451937,24.023129340651124,4046056
Hauts-de-France,2024-11-11,25.860351210230558,266,51.21101365154253,21.667983722534004,3277564
Hauts-de-France,2024-11-18,77.0681408025131,66,53.65720733599658,22.815464324801106,1163806
Hauts-de-France,2024-11-25,23.360014582101066,77,32.2188925435776,19.317904024531607,3775838
Hauts-de-France,2024-12-02,69.29990559510645,393,45.21746172358175,17.99918899162976,3140167
Hauts-de-France,2024-12-09,65.16031542292987,385,44.17162646349031,24.263089411877665,4960028
Hauts-de-France,2024-12-16,57.78533172284249,316,37.507921798261975,18.982860398523574,3876573
Hauts-de-France,2024-12-23,43.019507672137884,99,64.90640279476652,24.041032936423445,4624961
Normandie,2024-01-01,41.0392734327888,276,45.67154391220263,22.866693324578115,1762255
Normandie,2024-01-08,48.66577682906106,422,31.435055372004083,20.63681698599557,8725620
Normandie,2024-01-15,81.88543702615833,370,60.20213220913557,17.21498130366048,9572924
Normandie,2024-01-22,59.91507525840158,237,47.38001699618277,22.88663753146155,2088401
Normandie,2024-01-29,39.99501913107129,160,31.502226085191154,19.09796781963564,9995808
Normandie,2024-02-05,26.162575539346836,407,73.25220480908013,18.776387677544708,11368004
Normandie,2024-02-12,51.3323678389896,282,45.048791768467524,24.074620656346703,10756721
Normandie,2024-02-19,39.00078131609227,312,38.089205717017144,21.769494489301167,4063421
Normandie,2024-02-26,39.86007039963838,360,49.11142160264795,18.010199433982514,4308380
Normandie,2024-03-04,75.36500002300099,256,44.29256244335019,16.89900106286667,10953860
Normandie,2024-03-11,77.65055376778695,454,45.662698037394996,20.43177197378445,5363390
Normandie,2024-03-18,81.97380306505342,163,62.87820374705782,16.231725431500394,5811143
Normandie,2024-03-25,28.529410257937915,80,65.02704721671515,21.10139126835923,7944619
Normandie,2024-04-01,78.16726359395076,92,67.46005854860786,17.383390543524627,11084572
Normandie,2024-04-08,25.52630574682097,111,64.74131334870096,22.799147503622404,11427230
Normandie,2024-04-15,41.73376715779011,143,73.37281115663401,17.699846597436355,8024667
Normandie,2024-04-22,65.85311553341957,414,31.097195838475123,24.268305292168098,3210017
Normandie,2024-04-29,62.29653151188137,242,55.04002601337301,16.913798789051917,7113347
Normandie,2024-05-06,84.52589404808845,475,72.60787703772039,17.443190095456817,10401035
Normandie,2024-05-13,58.57670504271919,165,57.54375341825887,23.04238950083776,617752
Normandie,2024-05-20,23.32340558917896,370,38.923951143884864,17.764970653046745,3377005
Normandie,2024-05-27,22.829280160966327,405,53.521979767281834,22.119367769092463,11414346
Normandie,2024-06-03,60.164347651131635,104,63.31455203697246,18.12767417794157,11815142
Normandie,2024-06-10,80.91641664770141,62,51.25785624501544,19.642684015233044,6566673
Normandie,2024-06-17,31.921485516444907,323,43.32708427798793,20.596402363223188,8451460
Normandie,2024-06-24,74.80684570504445,216,72.25086812418034,18.085025987316293,7778525
Normandie,2024-07-01,23.0877317953598,181,49.40971608711464,22.315816194319506,6055901
Normandie,2024-07-08,29.6192684255418,309,50.751731461360514,18.433244099175077,9853078
Normandie,2024-07-15,24.18098418992653,249,64.3922171347119,16.460942302376445,6902925
Normandie,2024-07-22,64.74758246275022,425,52.844600323985276,19.65481904717607,11401171
Normandie,2024-07-29,37.48761716990401,386,32.255849041123106,24.078314326200353,11446182
Normandie,2024-08-05,58.35922775791458,74,49.05371677158206,22.22333908641083,3823356
Normandie,2024-08-12,51.00567730919675,351,70.60378994171975,17.30713383446343,2291919
Normandie,2024-08-19,82.67546357265621,84,63.137335363844414,23.233116010203613,10015360
Normandie,2024-08-26,21.358699471213235,397,66.4828393090169,16.945901955379295,9159127
Normandie,2024-09-02,44.45828897633214,486,51.938833578014666,16.696126793838403,2416075
Normandie,2024-09-09,81.25331278011328,228,38.49384349108899,23.84052291852961,1864969
Normandie,2024-09-16,79.74599456053758,466,42.689008298154334,23.440285911485166,7440927
Normandie,2024-09-23,74.1612290869787,136,41.78269501217593,17.670937817045157,7096985
Normandie,2024-09-30,54.0468326571025,132,35.734077512849886,19.531018220529788,7744516
Normandie,2024-10-07,79.28468677328748,482,27.43436178175228,20.52605934306525,3921389
Normandie,2024-10-14,29.094851998629554,79,56.591740768678505,21.10972017223017,4122921
Normandie,2024-10-21,86.39942753935868,148,56.60792638654024,20.615849382245642,10099570
Normandie,2024-10-28,38.75647762410149,136,57.0394318618437,24.772659591016623,7934145
Normandie,2024-11-04,54.65310988499714,361,44.79691338555179,23.95804356666717,11000234
Normandie,2024-11-11,83.69183395495423,158,25.21751822281606,23.464057611289004,7824330
Normandie,2024-11-18,37.71999123837142,363,52.721426114815,18.818228866850745,11252909
Normandie,2024-11-25,57.06364639370718,274,30.099637153770786,17.50462463396831,6420668
Normandie,2024-12-02,24.71267146358539,190,28.584659656671352,20.811989672948997,10676695
Normandie,2024-12-09,30.34786139061313,189,65.7384834703086,21.125216494314614,6559083
Normandie,2024-12-16,66.53913887181952,219,26.47915326484169,16.6642021133723,9868065
Normandie,2024-12-23,50.90474977966623,411,57.966839497865365,20.146997639605328,9109203
Bretagne,2024-01-01,39.506838509117514,373,36.85024360567141,15.347678911768748,11564925
Bretagne,2024-01-08,38.21502967150766,337,32.780273239956514,16.654249857940595,7269365
Bretagne,2024-01-15,86.40416780576895,183,35.26060014496716,18.164799800722115,863596
Bretagne,2024-01-22,70.88523799770542,436,68.6205336119355,21.654016224534494,3568746
Bretagne,2024-01-29,35.130825544669186,335,41.28790346905642,24.568109800367537,8883100
Bretagne,2024-02-05,72.02987720803829,385,65.65016682143897,21.663443819096184,3820803
Bretagne,2024-02-12,63.61523049683927,357,65.74264877407107,22.447791076061044,6984364
Bretagne,2024-02-19,42.43610958862114,320,43.86870304845033,18.37655415242619,5318673
Bretagne,2024-02-26,23.86898721650757,347,48.789664373851046,23.650680171489913,10311175
Bretagne,2024-03-04,29.57971904746848,107,26.12031936511417,24.870366846242824,6769767
Bretagne,2024-03-11,76.35973047205567,470,27.124777421921753,18.015982776303186,6725950
Bretagne,2024-03-18,88.23279202562392,189,58.396229979999504,17.467519896677064,1602018
Bretagne,2024-03-25,71.00228477242787,188,44.81825039357566,17.320760527635628,11956299
Bretagne,2024-04-01,58.431911163265646,155,46.421820562128566,21.301460124947866,7470062
Bretagne,2024-04-08,42.56567179137453,293,61.91533694922336,17.473434497538857,1024319
Bretagne,2024-04-15,21.55794519323414,463,43.207591304690204,15.883158159967318,5983570
Bretagne,2024-04-22,37.44291286339582,346,27.709077381170317,17.954849060305857,10537633
Bretagne,2024-04-29,28.905052939734002,460,37.90842413556611,24.500931799583284,5203623
Bretagne,2024-05-06,39.04252084092924,474,55.655840124961095,16.440635367271128,777361
Bretagne,2024-05-13,65.5144761844806,158,42.16806046904805,17.468766366279834,9344364
Bretagne,2024-05-20,76.8698525381694,124,46.58514971683486,15.430123764533308,6927839
Bretagne,2024-05-27,73.53353762608363,117,70.38143859564497,19.245817532167536,8492603
Bretagne,2024-06-03,45.97116323207363,144,53.08584926867489,18.109860215460717,6035375
Bretagne,2024-06-10,70.26022611155912,482,53.155197243108695,19.726088102880087,6094348
Bretagne,2024-06-17,57.47031970878008,447,46.44882321897025,15.445658088081105,5238671
Bretagne,2024-06-24,79.76979225053573,268,50.037639838727905,19.632346261108033,11488212
Bretagne,2024-07-01,32.69046385635887,205,48.641881686186565,20.706587486153683,9446618
Bretagne,2024-07-08,36.088492948783895,96,28.86114612912997,16.611328273557614,11917223
Bretagne,2024-07-15,50.51151718053452,476,51.457479877691696,23.503065700255704,972802
Bretagne,2024-07-22,73.20319561995056,151,54.5288093817913,18.818082076714322,3558806
Bretagne,2024-07-29,35.38394437834021,173,66.73435701388433,19.177694242132908,6079216
Bretagne,2024-08-05,49.966782528258435,242,53.53689155847234,15.333197128452557,7431048
Bretagne,2024-08-12,77.73417222713535,396,68.65323186577227,24.42792433716914,3484072
Bretagne,2024-08-19,70.43176056844956,464,28.87120456463229,24.974372616469186,6200374
Bretagne,2024-08-26,63.905169163356696,415,27.75144195583641,15.326193161332169,7261771
Bretagne,2024-09-02,65.39671725181759,430,71.90902390999725,16.144172026211134,6140081
Bretagne,2024-09-09,26.861945200249863,171,57.41885892553898,24.220986911356217,1272995
Bretagne,2024-09-16,89.48088058064447,410,69.8365049242689,20.31747174477311,4991752
Bretagne,2024-09-23,23.233465007628336,370,39.4902048681242,21.824845134483827,7490022
Bretagne,2024-09-30,23.010664215578945,137,31.090807733838204,22.235202644855274,1761670
Bretagne,2024-10-07,74.90243801783052,492,46.118203945558115,21.83411469605478,5405476
Bretagne,2024-10-14,69.6540333016809,255,61.61510216430587,19.71870959918887,1837296
Bretagne,2024-10-21,62.60658807548402,283,52.49873218632445,24.67493854264872,7084219
Bretagne,2024-10-28,75.64574378594273,353,43.59993598024933,19.470580550348227,6341410
Bretagne,2024-11-04,21.257237790030494,412,31.475964773104376,16.32168422106203,5651347
Bretagne,2024-11-11,20.931078117028292,207,70.22515659045531,17.929790256037677,1788263
Bretagne,2024-11-18,43.78435596111202,322,42.51520023938505,15.936373780369834,9607864
Bretagne,2024-11-25,65.34488126415482,59,27.59062823961407,21.735258613174352,4605945
Bretagne,2024-12-02,31.739715440697065,360,26.680308097495704,21.410137021088563,2035607
Bretagne,2024-12-09,21.37730167971984,340,53.20210626865924,20.91704767608351,881827
Bretagne,2024-12-16,51.93909765637393,76,67.16714425680892,21.90984277069253,7963367
Bretagne,2024-12-23,76.91770854904081,261,72.41050030082718,18.859072620042664,4641149
Pays de la Loire,2024-01-01,26.75300530185598,345,65.02246177347469,15.049035506461442,9927149
Pays de la Loire,2024-01-08,77.48557393064033,316,43.239761628755026,21.084581085120472,5476563
Pays de la Loire,2024-01-15,56.4163435431695,195,34.65693376504389,15.163037676876197,6230171
Pays de la Loire,2024-01-22,70.61839073842512,458,33.44955124740293,15.381094433611397,7327324
Pays de la Loire,2024-01-29,55.0087786518849,139,38.344232898501154,15.990126894398838,6827113
Pays de la Loire,2024-02-05,66.6701369458651,203,49.84854705865774,15.042965740673722,9283481
Pays de la Loire,2024-02-12,82.13382502904412,359,68.78789691691263,24.40154894491156,979273
Pays de la Loire,2024-02-19,53.01802759757058,101,41.32239990540335,16.953215412795902,8043468
Pays de la Loire,2024-02-26,76.73128996188828,400,41.9458045325941,19.838238381417423,4681314
Pays de la Loire,2024-03-04,25.368287794962203,247,32.89580167526582,23.335040530790813,2268648
Pays de la Loire,2024-03-11,55.30267563352456,313,37.72325314780371,21.669243617313978,4804020
Pays de la Loire,2024-03-18,48.16175869056776,75,49.752713122220754,22.82305129341755,9660573
Pays de la Loire,2024-03-25,71.92847074170567,325,34.91969053066098,17.367054559233296,11730675
Pays de la Loire,2024-04-01,33.69437463285743,139,52.27292783322831,24.051064628314087,629019
Pays de la Loire,2024-04-08,41.44516638246768,432,64.99765995684663,22.201049653307635,11707792
Pays de la Loire,2024-04-15,51.32688191517776,150,65.27704372754091,16.496029732547946,2264276
Pays de la Loire,2024-04-22,83.69353531574102,50,63.538506422355226,24.26422963434467,7483297
Pays de la Loire,2024-04-29,40.482460821892744,284,29.367734904133414,17.687372616210506,3823193
Pays de la Loire,2024-05-06,74.81029585397808,118,38.67268955933872,23.4553834357936,3788365
Pays de la Loire,2024-05-13,50.109484193385605,234,44.456069372894184,22.15342970529193,11438976
Pays de la Loire,2024-05-20,76.3369836530405,335,57.4700494569865,16.489079380468823,9639306
Pays de la Loire,2024-05-27,53.47881010979143,499,41.99042116851806,22.914353970676366,9126091
Pays de la Loire,2024-06-03,51.555373563999474,156,35.07832956390297,17.6656328118784,10037532
Pays de la Loire,2024-06-10,43.115480327495526,206,68.22890993622514,18.987186435620877,3415471
Pays de la Loire,2024-06-17,66.28914606678102,174,59.552618112814756,23.404763038605736,4355551
Pays de la Loire,2024-06-24,46.183886602415164,160,37.77746726789178,15.335911084862499,1128900
Pays de la Loire,2024-07-01,69.13403444223466,55,54.65594217844396,18.72247480999001,4383080
Pays de la Loire,2024-07-08,36.7296431936787,245,61.85231223845486,23.64436187485761,7868746
Pays de la Loire,2024-07-15,59.467207416138244,395,46.27253591085856,19.493010936863342,9785242
Pays de la Loire,2024-07-22,69.53995716041733,439,43.0275559308454,22.259046536398948,1957689
Pays de la Loire,2024-07-29,27.650290286742162,307,51.28744360069552,21.78382347358637,7738628
Pays de la Loire,2024-08-05,23.254891878626704,164,28.833951633710285,17.517217386095574,1458802
Pays de la Loire,2024-08-12,66.10318400674883,351,52.426033073128174,15.1081017807536,593252
Pays de la Loire,2024-08-19,55.58317833090855,132,67.43012844956608,19.556166862049164,7817337
Pays de la Loire,2024-08-26,27.646323014149623,144,38.33236961183967,24.66143949834242,9316018
Pays de la Loire,2024-09-02,21.267981985541386,228,68.82972301410284,22.524035836692306,1393450
Pays de la Loire,2024-09-09,57.50659350641602,359,72.17712331215533,23.649470493513203,9139880
Pays de la Loire,2024-09-16,35.684492808436424,144,27.85637081538036,22.2962166617734,9362773
Pays de la Loire,2024-09-23,50.25729026479192,280,28.013504272780455,22.18883782007219,7941910
Pays de la Loire,2024-09-30,64.55257278319105,195,44.58293231982884,18.607666324376243,3637729
Pays de la Loire,2024-10-07,38.319005027425554,344,38.370267605653744,17.761372921863764,8611132
Pays de la Loire,2024-10-14,29.754641321804797,261,41.93851859396747,20.62312372049365,3841315
Pays de la Loire,2024-10-21,68.72478890413171,113,30.002503089992544,21.20326360685178,851388
Pays de la Loire,2024-10-28,38.35403229912067,125,40.50641851070375,17.912206354459837,11995272
Pays de la Loire,2024-11-04,55.45105887748906,218,28.957822561818276,16.571323118415087,9004092
Pays de la Loire,2024-11-11,48.594605158527806,446,63.885219074939336,16.76192050914454,1161359
Pays de la Loire,2024-11-18,62.814875802062595,262,39.06629751680231,16.368651158355377,5018750
Pays de la Loire,2024-11-25,52.62634886440653,467,65.9376224621967,17.68453429192417,8669475
Pays de la Loire,2024-12-02,44.82804005885823,146,55.34596910770569,18.60811081990495,7597255
Pays de la Loire,2024-12-09,21.864737115118597,317,57.9412111204717,20.60184514182521,3223805
Pays de la Loire,2024-12-16,83.64410191949776,387,40.50465611271749,16.25558134970733,10191421
Pays de la Loire,2024-12-23,79.28566990761391,199,55.28529477775102,22.95671785169227,11671318
Centre-Val de Loire,2024-01-01,51.92086233389939,459,43.874237261985634,15.084450492613175,759746
Centre-Val de Loire,2024-01-08,27.910113198722133,417,41.74078772881677,16.771276106859958,11061100
Centre-Val de Loire,2024-01-15,80.93985276590121,333,57.78746876116927,24.862711173100532,11648009
Centre-Val de Loire,2024-01-22,62.54517230013958,453,69.38523475420054,18.59308516970381,849544
Centre-Val de Loire,2024-01-29,29.02812562675422,440,48.40583236365565,21.465044477087247,7317234
Centre-Val de Loire,2024-02-05,25.29742000280704,409,52.662232430663096,19.75538575457359,4214687
Centre-Val de Loire,2024-02-12,76.86000236145651,317,38.65601564808033,16.133452546752082,5651730
Centre-Val de Loire,2024-02-19,32.678142812822905,390,70.68684686349414,15.514655455833136,4759651
Centre-Val de Loire,2024-02-26,46.14712796874525,294,38.12972123501919,18.11834440323764,10087140
Centre-Val de Loire,2024-03-04,35.95556078938381,302,70.01685073317226,18.089182531199164,1046529
Centre-Val de Loire,2024-03-11,24.030583367155796,493,51.30581984978288,21.027480326697066,4999545
Centre-Val de Loire,2024-03-18,79.42588003807522,316,26.427823537628836,17.390751653935553,5156123
Centre-Val de Loire,2024-03-25,33.00708635098336,54,52.04348336929924,21.245917041270456,3385068
Centre-Val de Loire,2024-04-01,60.520700443100715,279,49.2141972559014,16.855313840272405,7281022
Centre-Val de Loire,2024-04-08,37.10610261904959,133,31.805099354159093,19.095918136992996,11782818
Centre-Val de Loire,2024-04-15,37.73314641319699,77,66.89332035298348,23.90841153979357,3271930
Centre-Val de Loire,2024-04-22,20.040639109328982,427,28.984195445020504,16.98817354416799,10675790
Centre-Val de Loire,2024-04-29,22.856090477629312,430,71.98519937318062,24.843740277743613,9795429
Centre-Val de Loire,2024-05-06,79.49019333992504,369,52.66703886537567,24.850584848238476,3056770
Centre-Val de Loire,2024-05-13,30.920603018172603,214,44.6077892610702,22.218959181039658,4772952
Centre-Val de Loire,2024-05-20,21.60789911020053,81,29.05079538910298,20.705436355514443,8837180
Centre-Val de Loire,2024-05-27,25.307285352575352,349,38.964246003955004,18.779835363047926,5977814
Centre-Val de Loire,2024-06-03,30.65628082245148,94,39.93084726802722,23.342666751014217,6675453
Centre-Val de Loire,2024-06-10,69.17465850729033,370,46.657751567835795,22.53204050387137,4972909
Centre-Val de Loire,2024-06-17,48.41516656920459,190,68.34790792875823,17.295568647759445,10531186
Centre-Val de Loire,2024-06-24,57.50604798099188,69,48.61172149674963,23.25917873417532,11533907
Centre-Val de Loire,2024-07-01,49.61129879891778,372,39.0066927602579,21.731882603933116,2622384
Centre-Val de Loire,2024-07-08,25.27032998059849,263,50.09325095628617,15.773538549717886,2748299
Centre-Val de Loire,2024-07-15,34.63521189369182,249,55.251958416121184,21.303960992691493,6665318
Centre-Val de Loire,2024-07-22,31.98654729340746,120,49.24180426583979,20.164303490022384,1990753
Centre-Val de Loire,2024-07-29,73.56068608809872,432,33.601594884461875,15.940665115322094,1768780
Centre-Val de Loire,2024-08-05,41.43156946482858,362,35.41224186645993,24.666242428314124,8324541
Centre-Val de Loire,2024-08-12,83.33569625555842,109,68.09824492445932,24.133486234749167,3046550
Centre-Val de Loire,2024-08-19,44.90895343587498,95,68.55932971279309,18.60306838562894,11406936
Centre-Val de Loire,2024-08-26,66.9239296849931,107,47.95181031655529,16.232534737195028,6494892
Centre-Val de Loire,2024-09-02,77.90744488640841,199,65.45505542206365,18.65311291695267,2388422
Centre-Val de Loire,2024-09-09,55.67145990800547,380,37.69513343604321,20.00785650546351,2189538
Centre-Val de Loire,2024-09-16,62.812036141408605,156,28.98889707513864,20.998021770070476,7521924
Centre-Val de Loire,2024-09-23,41.75508297744938,101,42.63983567271233,17.103747824377898,2220856
Centre-Val de Loire,2024-09-30,87.16731345302011,133,71.44404521740323,18.975601574515643,11421996
Centre-Val de Loire,2024-10-07,49.07493889389032,337,51.00177808261064,23.841001273576147,7781246
Centre-Val de Loire,2024-10-14,39.73989859956109,318,45.443753033667285,19.682434649253622,9003678
Centre-Val de Loire,2024-10-21,56.621356419009004,66,35.26889309701603,20.270021563972957,9117180
Centre-Val de Loire,2024-10-28,23.72737035108365,74,72.51290998289504,15.6417021243411,1601050
Centre-Val de Loire,2024-11-04,87.26176241291937,136,51.42889829352666,20.257462581818302,7736986
Centre-Val de Loire,2024-11-11,32.19841361397183,190,67.3230141855033,21.638125812516105,6623013
Centre-Val de Loire,2024-11-18,44.753928554865254,416,47.96560103009556,19.07905290955381,2106716
Centre-Val de Loire,2024-11-25,36.2901504035282,252,63.07618772367596,18.462331859717157,6884817
Centre-Val de Loire,2024-12-02,54.78525396476812,53,66.2337765482839,21.337312319605342,5501054
Centre-Val de Loire,2024-12-09,57.68358679458382,331,69.68559466013323,15.013828847423234,6307164
Centre-Val de Loire,2024-12-16,26.02120482451152,358,59.16611101999244,19.181189245492636,5174887
Centre-Val de Loire,2024-12-23,55.569275199522494,287,29.635565597555985,19.937601506165986,6803971
Bourgogne-Franche-Comté,2024-01-01,23.22386777778645,101,43.874110397239754,15.598188793580384,10074623
Bourgogne-Franche-Comté,2024-01-08,75.3081802049283,128,32.40725699290724,23.435672723044554,9135724
Bourgogne-Franche-Comté,2024-01-15,68.14861631699645,320,26.770892205176324,23.561316458594685,8092768
Bourgogne-Franche-Comté,2024-01-22,72.50652004763319,70,74.91025557628916,16.657185414846197,9146219
Bourgogne-Franche-Comté,2024-01-29,84.55130053590356,86,49.80698098745768,19.877185529314275,2424617
Bourgogne-Franche-Comté,2024-02-05,29.320561796287002,431,37.77844960390018,22.60678834253438,5256632
Bourgogne-Franche-Comté,2024-02-12,62.005406300970165,318,59.31895211798879,15.864820410465356,1543037
Bourgogne-Franche-Comté,2024-02-19,46.368302627315956,477,68.41281952867251,17.226935397362453,11356529
Bourgogne-Franche-Comté,2024-02-26,37.992604863644786,182,33.414132530127375,22.053708536221002,8490255
Bourgogne-Franche-Comté,2024-03-04,55.52204796412698,255,64.1124446784242,21.1244844896298,5602035
Bourgogne-Franche-Comté,2024-03-11,51.215184399629926,329,44.867052485178576,22.36070003298154,10922456
Bourgogne-Franche-Comté,2024-03-18,55.0850388040777,400,35.210020372515515,20.075746310323677,8401311
Bourgogne-Franche-Comté,2024-03-25,52.36676869888186,331,59.362535925478085,18.07757193327337,5181014
Bourgogne-Franche-Comté,2024-04-01,85.14331196590423,60,32.20355016594475,17.059572110232775,6477561
Bourgogne-Franche-Comté,2024-04-08,60.44207554935488,387,47.237117322850466,20.336693483188306,10944070
Bourgogne-Franche-Comté,2024-04-15,68.99749113728417,98,57.271400262494645,22.106161618013598,6757560
Bourgogne-Franche-Comté,2024-04-22,79.20552979127704,240,68.2718872662177,17.94426420278752,6972650
Bourgogne-Franche-Comté,2024-04-29,34.86443535161801,173,69.90516465566584,22.291686881392003,10308609
Bourgogne-Franche-Comté,2024-05-06,38.57523430677695,193,70.91125492953633,21.677369761709706,3188585
Bourgogne-Franche-Comté,2024-05-13,59.45097354425728,149,57.40090045289804,21.29684336727828,8974673
Bourgogne-Franche-Comté,2024-05-20,46.78688148033993,457,63.95191314479986,24.56408745221448,9031733
Bourgogne-Franche-Comté,2024-05-27,81.40561959576367,58,42.94193725599808,20.14090731182212,10317340
Bourgogne-Franche-Comté,2024-06-03,22.95702455630679,96,36.094652697923145,17.5125861686127,7146516
Bourgogne-Franche-Comté,2024-06-10,80.13303972447356,139,70.11044194731083,22.97499426069586,5379981
Bourgogne-Franche-Comté,2024-06-17,26.52430515338916,411,50.75922013168056,19.407172281172244,8349489
Bourgogne-Franche-Comté,2024-06-24,77.3012029956289,397,55.59648854378562,20.56929275434865,11482560
Bourgogne-Franche-Comté,2024-07-01,55.8675988811497,325,41.767823690759734,15.894015205358334,511673
Bourgogne-Franche-Comté,2024-07-08,29.470111745319908,65,33.33729544384331,17.806041367142353,1992239
Bourgogne-Franche-Comté,2024-07-15,24.5240962556738,382,35.43147300014649,18.362832088108465,7010702
Bourgogne-Franche-Comté,2024-07-22,61.02657549871084,396,62.339889285758396,23.579491884853013,10940660
Bourgogne-Franche-Comté,2024-07-29,44.562575507928216,52,52.27019873770707,17.711893691912366,6008678
Bourgogne-Franche-Comté,2024-08-05,59.913277766766946,124,73.38457807043302,20.591143343774185,5300528
Bourgogne-Franche-Comté,2024-08-12,76.35973845572066,451,41.53400872710798,21.617354421090564,11691219
Bourgogne-Franche-Comté,2024-08-19,77.22345419262935,484,61.66124917662839,22.825293247285046,11911932
Bourgogne-Franche-Comté,2024-08-26,20.474185637369917,263,59.827921253199364,23.983868284412477,509693
Bourgogne-Franche-Comté,2024-09-02,54.06712390495,321,30.122490264556923,24.78291914965154,7255227
Bourgogne-Franche-Comté,2024-09-09,21.270076852137247,364,74.28755642334472,22.64274432272442,8250451
Bourgogne-Franche-Comté,2024-09-16,31.18050399026265,273,39.338232263750484,19.859291241528044,2430532
Bourgogne-Franche-Comté,2024-09-23,89.10478623934866,298,69.19575542468766,17.169013537676644,9693934
Bourgogne-Franche-Comté,2024-09-30,28.235362278954753,451,63.84178902526129,18.874156159345386,1833625
Bourgogne-Franche-Comté,2024-10-07,57.61251798209908,417,26.445114965863386,20.43456422412487,3096139
Bourgogne-Franche-Comté,2024-10-14,31.785963844551826,364,69.49403121789332,15.718792675713612,6038272
Bourgogne-Franche-Comté,2024-10-21,87.27126048928,101,61.32518914303519,21.363626744549393,9368191
Bourgogne-Franche-Comté,2024-10-28,62.99293066324329,184,25.511889107137232,19.516971809640577,1950494
Bourgogne-Franche-Comté,2024-11-04,63.578921681501576,65,61.974294000200686,18.163241000483108,4013062
Bourgogne-Franche-Comté,2024-11-11,29.435858203649982,211,46.023359500019424,18.81687134982547,8085325
Bourgogne-Franche-Comté,2024-11-18,39.677013755179566,150,70.69809239117302,22.375973029238487,8915257
Bourgogne-Franche-Comté,2024-11-25,53.59359133824275,82,63.34376385121249,16.953126323613876,8976439
Bourgogne-Franche-Comté,2024-12-02,80.09533646295071,488,32.07507136895028,18.687525319772103,11165406
Bourgogne-Franche-Comté,2024-12-09,87.73238339321753,154,66.04639619584147,17.424785090173085,4108082
Bourgogne-Franche-Comté,2024-12-16,71.75499007211211,62,50.0233656687662,16.41890442506319,1851647
Bourgogne-Franche-Comté,2024-12-23,81.62628057205623,339,25.57063846885988,15.091125411149584,11161262
Corse,2024-01-01,85.02507821708954,357,59.61929132832452,18.23766473639217,6753113
Corse,2024-01-08,39.51971353983459,296,31.670462992628217,24.636029699025322,3944220
Corse,2024-01-15,44.821740941345624,357,31.31972709751498,15.340988410152072,3068306
Corse,2024-01-22,43.25725456191602,90,52.4698069319593,19.354999211988552,7780892
Corse,2024-01-29,28.310696525104333,217,35.32063436469867,24.936255472355324,9271992
Corse,2024-02-05,48.76136229800662,138,72.12589272836368,23.53125110100355,3106905
Corse,2024-02-12,88.13441883188446,292,44.43216610933045,22.71741478406757,1127352
Corse,2024-02-19,73.54861928597167,224,63.2653520780332,17.595943693856945,4568126
Corse,2024-02-26,81.96213155537836,349,52.29472318333693,24.740172786307674,2926173
Corse,2024-03-04,84.28979625521174,415,54.76905663202816,21.000453444757117,2709345
Corse,2024-03-11,61.16109455111581,472,52.07276388870385,21.829468907210355,1587463
Corse,2024-03-18,58.8004433138842,328,36.504454539644534,17.97483322238979,6311071
Corse,2024-03-25,81.75371726070708,437,67.09621364065694,16.34627613339497,8353285
Corse,2024-04-01,47.697085610719455,346,31.361068111672864,21.571521632073367,623821
Corse,2024-04-08,56.69104909735385,498,42.65071650774038,23.476405672138117,2829803
Corse,2024-04-15,30.74048059123657,201,55.72835629476151,15.150892672098863,8042742
Corse,2024-04-22,86.32107405628024,215,49.44041101401766,24.232434881092285,7251451
Corse,2024-04-29,73.35780114611084,342,55.26911459550622,19.886908764892688,1860610
Corse,2024-05-06,40.06160489371428,490,38.1910189358894,17.771185507565406,10712461
Corse,2024-05-13,61.13982956379135,361,61.681426593444144,22.85578108575603,751560
Corse,2024-05-20,23.362592796197582,71,43.230759495198804,21.96909051296228,7902935
Corse,2024-05-27,54.800128124061736,265,34.84268013369982,19.195040554863997,10901649
Corse,2024-06-03,83.32768901925274,187,31.740006816948757,16.69768415924903,8634411
Corse,2024-06-10,65.30963523267187,146,66.05091964368903,19.06735809961767,11908438
Corse,2024-06-17,48.93930794286886,386,58.543372671530705,19.48526084601758,5419582
Corse,2024-06-24,67.55738956883694,361,48.60577610202968,16.1916676852229,3479560
Corse,2024-07-01,39.335345947123464,310,66.59530147392204,22.37665990262577,11248238
Corse,2024-07-08,84.56563116265492,351,34.384947906022006,15.801368636057322,7815901
Corse,2024-07-15,68.91904311347828,56,46.715080556887685,18.599765538727134,1987166
Corse,2024-07-22,87.61822240715357,168,39.9852770125923,18.07718145748508,10450740
Corse,2024-07-29,66.23524594058723,329,35.397105958612705,18.71147027733643,9000006
Corse,2024-08-05,80.68008572800308,170,67.4014470019959,24.815713967197983,4984920
Corse,2024-08-12,37.986559873474505,257,61.130027249036964,16.658617717747532,2180086
Corse,2024-08-19,37.29522787834634,351,56.973731872597874,21.499708326820386,7219662
Corse,2024-08-26,77.4125459908559,336,35.15803309821385,20.56788983472678,4546999
Corse,2024-09-02,55.400800804178814,392,54.26570248976189,23.352545301004117,7061550
Corse,2024-09-09,32.47026150062776,482,30.168147327981725,16.311975459679854,3528351
Corse,2024-09-16,29.57095581228143,297,64.33026817242349,20.619658098656696,9154312
Corse,2024-09-23,41.113116394536036,424,33.05856097919474,19.36779737045837,1454263
Corse,2024-09-30,43.22326807952007,319,27.681560160164892,20.43271934999285,7019729
Corse,2024-10-07,39.810407633994195,176,31.714799806943617,22.980089437762615,4678523
Corse,2024-10-14,81.62955204959482,378,60.25427959036859,23.878714200718747,5720942
Corse,2024-10-21,56.782948920269114,153,65.02285223299626,17.296628880460595,4216795
Corse,2024-10-28,76.29495829518522,285,69.5544565010722,24.767794870468745,2523376
Corse,2024-11-04,36.024253368422684,321,38.840581415369236,23.46066909230819,2861766
Corse,2024-11-11,40.9891314661216,403,73.74390274357175,18.12446799785564,2575715
Corse,2024-11-18,80.37376519090861,482,58.802256976376604,17.915354104455947,2739186
Corse,2024-11-25,83.14379029751107,147,73.80208447335531,15.865234985789701,8711237
Corse,2024-12-02,75.84142737416528,135,68.88362423924148,21.78850450372155,7177194
Corse,2024-12-09,88.99807449203828,136,32.910217093374,19.505711609614647,5078670
Corse,2024-12-16,37.773096445580535,244,56.63311786601702,15.89899002236943,993450
Corse,2024-12-23,88.45317600361922,216,60.18666957474817,24.317977643310385,664286
