region,temperature,humidity,date
Auvergne-Rhône-Alpes,14.166666666666666,72.33333333333333,2023-10-17
Bourgogne-Franche-Comté,12.233333333333334,77.33333333333333,2023-10-17
Bretagne,11.366666666666667,87.33333333333333,2023-10-17
Centre-Val de Loire,12.133333333333333,81.66666666666667,2023-10-17
Corse,10.0,82.33333333333333,2023-10-17
Grand Est,12.200000000000001,76.0,2023-10-17
Hauts-de-France,11.633333333333333,87.0,2023-10-17
Normandie,11.933333333333332,86.66666666666667,2023-10-17
Nouvelle-Aquitaine,13.666666666666666,82.0,2023-10-17
Occitanie,14.733333333333334,68.0,2023-10-17
Pays de la Loire,13.566666666666668,76.66666666666667,2023-10-17
Provence-Alpes-Côte d'Azur,17.866666666666667,64.33333333333333,2023-10-17
Île-de-France,12.133333333333333,84.33333333333333,2023-10-17
Auvergne-Rhône-Alpes,14.528571428571428,80.42857142857143,2023-10-24
Bourgogne-Franche-Comté,12.62857142857143,85.57142857142857,2023-10-24
Bretagne,11.1,86.71428571428571,2023-10-24
Centre-Val de Loire,12.857142857142858,86.71428571428571,2023-10-24
Corse,10.271428571428572,88.14285714285714,2023-10-24
Grand Est,12.4,83.57142857142857,2023-10-24
Hauts-de-France,11.457142857142857,86.14285714285714,2023-10-24
Normandie,12.142857142857142,86.0,2023-10-24
Nouvelle-Aquitaine,14.985714285714286,82.85714285714286,2023-10-24
Occitanie,14.728571428571428,79.42857142857143,2023-10-24
Pays de la Loire,13.442857142857141,85.42857142857143,2023-10-24
Provence-Alpes-Côte d'Azur,18.17142857142857,77.42857142857143,2023-10-24
Île-de-France,12.814285714285715,85.85714285714286,2023-10-24
Auvergne-Rhône-Alpes,10.857142857142858,81.42857142857143,2023-10-31
Bourgogne-Franche-Comté,9.657142857142857,82.85714285714286,2023-10-31
Bretagne,9.942857142857141,83.42857142857143,2023-10-31
Centre-Val de Loire,10.571428571428571,82.71428571428571,2023-10-31
Corse,6.114285714285714,95.57142857142857,2023-10-31
Grand Est,10.357142857142858,76.85714285714286,2023-10-31
Hauts-de-France,10.12857142857143,83.71428571428571,2023-10-31
Normandie,10.471428571428572,83.42857142857143,2023-10-31
Nouvelle-Aquitaine,12.342857142857143,82.71428571428571,2023-10-31
Occitanie,11.200000000000001,79.57142857142857,2023-10-31
Pays de la Loire,12.014285714285714,79.14285714285714,2023-10-31
Provence-Alpes-Côte d'Azur,14.700000000000001,72.85714285714286,2023-10-31
Île-de-France,10.9,80.14285714285714,2023-10-31
Auvergne-Rhône-Alpes,9.785714285714286,80.71428571428571,2023-11-07
Bourgogne-Franche-Comté,8.985714285714286,83.85714285714286,2023-11-07
Bretagne,10.0,85.71428571428571,2023-11-07
Centre-Val de Loire,10.1,87.0,2023-11-07
Corse,4.814285714285715,90.57142857142857,2023-11-07
Grand Est,8.485714285714286,81.14285714285714,2023-11-07
Hauts-de-France,8.557142857142857,87.0,2023-11-07
Normandie,9.471428571428572,87.14285714285714,2023-11-07
Nouvelle-Aquitaine,12.885714285714286,83.57142857142857,2023-11-07
Occitanie,11.685714285714285,82.42857142857143,2023-11-07
Pays de la Loire,11.442857142857141,85.57142857142857,2023-11-07
Provence-Alpes-Côte d'Azur,13.142857142857142,74.71428571428571,2023-11-07
Île-de-France,9.928571428571429,85.71428571428571,2023-11-07
Auvergne-Rhône-Alpes,10.028571428571428,85.42857142857143,2023-11-14
Bourgogne-Franche-Comté,9.585714285714285,86.57142857142857,2023-11-14
Bretagne,11.0,89.71428571428571,2023-11-14
Centre-Val de Loire,11.12857142857143,86.57142857142857,2023-11-14
Corse,7.485714285714286,75.71428571428571,2023-11-14
Grand Est,9.328571428571427,85.0,2023-11-14
Hauts-de-France,9.5,88.0,2023-11-14
Normandie,10.457142857142857,88.85714285714286,2023-11-14
Nouvelle-Aquitaine,13.157142857142857,88.14285714285714,2023-11-14
Occitanie,12.385714285714286,84.28571428571429,2023-11-14
Pays de la Loire,12.700000000000001,85.85714285714286,2023-11-14
Provence-Alpes-Côte d'Azur,14.057142857142859,68.0,2023-11-14
Île-de-France,10.685714285714285,86.57142857142857,2023-11-14
Auvergne-Rhône-Alpes,5.185714285714286,82.42857142857143,2023-11-21
Bourgogne-Franche-Comté,4.728571428571429,83.85714285714286,2023-11-21
Bretagne,8.442857142857141,85.57142857142857,2023-11-21
Centre-Val de Loire,6.957142857142857,84.57142857142857,2023-11-21
Corse,3.242857142857143,72.71428571428571,2023-11-21
Grand Est,4.771428571428571,83.42857142857143,2023-11-21
Hauts-de-France,7.242857142857143,85.14285714285714,2023-11-21
Normandie,7.757142857142857,86.0,2023-11-21
Nouvelle-Aquitaine,8.0,84.42857142857143,2023-11-21
Occitanie,6.685714285714285,84.42857142857143,2023-11-21
Pays de la Loire,8.371428571428572,84.71428571428571,2023-11-21
Provence-Alpes-Côte d'Azur,8.828571428571427,65.42857142857143,2023-11-21
Île-de-France,7.314285714285715,84.28571428571429,2023-11-21
Auvergne-Rhône-Alpes,3.8428571428571425,84.0,2023-11-28
Bourgogne-Franche-Comté,1.957142857142857,84.85714285714286,2023-11-28
Bretagne,5.128571428571428,88.0,2023-11-28
Centre-Val de Loire,3.742857142857143,81.57142857142857,2023-11-28
Corse,2.542857142857143,92.0,2023-11-28
Grand Est,0.4428571428571429,84.0,2023-11-28
Hauts-de-France,1.3714285714285714,85.85714285714286,2023-11-28
Normandie,3.4,86.14285714285714,2023-11-28
Nouvelle-Aquitaine,7.171428571428572,87.28571428571429,2023-11-28
Occitanie,7.014285714285713,84.0,2023-11-28
Pays de la Loire,5.3999999999999995,86.28571428571429,2023-11-28
Provence-Alpes-Côte d'Azur,9.342857142857143,72.71428571428571,2023-11-28
Île-de-France,3.0,82.57142857142857,2023-11-28
Auvergne-Rhône-Alpes,6.299999999999999,85.57142857142857,2023-12-05
Bourgogne-Franche-Comté,6.1000000000000005,90.28571428571429,2023-12-05
Bretagne,8.842857142857143,88.85714285714286,2023-12-05
Centre-Val de Loire,8.2,88.85714285714286,2023-12-05
Corse,2.4,87.42857142857143,2023-12-05
Grand Est,5.385714285714286,87.14285714285714,2023-12-05
Hauts-de-France,6.828571428571429,88.0,2023-12-05
Normandie,7.742857142857143,90.14285714285714,2023-12-05
Nouvelle-Aquitaine,10.37142857142857,87.0,2023-12-05
Occitanie,8.657142857142857,88.0,2023-12-05
Pays de la Loire,9.642857142857142,87.0,2023-12-05
Provence-Alpes-Côte d'Azur,9.742857142857144,76.85714285714286,2023-12-05
Île-de-France,7.785714285714286,89.28571428571429,2023-12-05
Auvergne-Rhône-Alpes,6.5,88.42857142857143,2023-12-12
Bourgogne-Franche-Comté,5.3999999999999995,90.57142857142857,2023-12-12
Bretagne,6.857142857142857,88.85714285714286,2023-12-12
Centre-Val de Loire,6.057142857142857,91.71428571428571,2023-12-12
Corse,1.657142857142857,76.14285714285714,2023-12-12
Grand Est,5.085714285714286,91.14285714285714,2023-12-12
Hauts-de-France,6.642857142857143,89.85714285714286,2023-12-12
Normandie,6.571428571428571,90.42857142857143,2023-12-12
Nouvelle-Aquitaine,7.457142857142856,91.28571428571429,2023-12-12
Occitanie,6.757142857142857,88.14285714285714,2023-12-12
Pays de la Loire,6.785714285714286,90.28571428571429,2023-12-12
Provence-Alpes-Côte d'Azur,9.814285714285715,71.85714285714286,2023-12-12
Île-de-France,6.385714285714286,90.28571428571429,2023-12-12
Auvergne-Rhône-Alpes,5.442857142857143,85.71428571428571,2023-12-19
Bourgogne-Franche-Comté,6.714285714285714,88.28571428571429,2023-12-19
Bretagne,9.785714285714286,87.28571428571429,2023-12-19
Centre-Val de Loire,8.842857142857143,86.14285714285714,2023-12-19
Corse,4.057142857142857,66.0,2023-12-19
Grand Est,6.757142857142858,82.0,2023-12-19
Hauts-de-France,9.528571428571428,85.42857142857143,2023-12-19
Normandie,10.042857142857143,85.85714285714286,2023-12-19
Nouvelle-Aquitaine,9.542857142857143,89.42857142857143,2023-12-19
Occitanie,8.071428571428571,90.57142857142857,2023-12-19
Pays de la Loire,10.5,85.14285714285714,2023-12-19
Provence-Alpes-Côte d'Azur,10.557142857142859,62.714285714285715,2023-12-19
Île-de-France,9.585714285714285,83.42857142857143,2023-12-19
Auvergne-Rhône-Alpes,6.057142857142857,85.0,2023-12-26
Bourgogne-Franche-Comté,6.957142857142857,84.28571428571429,2023-12-26
Bretagne,9.557142857142859,87.0,2023-12-26
Centre-Val de Loire,8.857142857142858,86.14285714285714,2023-12-26
Corse,3.957142857142857,76.28571428571429,2023-12-26
Grand Est,7.728571428571429,76.71428571428571,2023-12-26
Hauts-de-France,8.871428571428572,82.42857142857143,2023-12-26
Normandie,9.6,83.42857142857143,2023-12-26
Nouvelle-Aquitaine,8.514285714285714,87.0,2023-12-26
Occitanie,7.428571428571429,89.14285714285714,2023-12-26
Pays de la Loire,10.299999999999999,85.42857142857143,2023-12-26
Provence-Alpes-Côte d'Azur,10.87142857142857,77.57142857142857,2023-12-26
Île-de-France,9.6,83.0,2023-12-26
Auvergne-Rhône-Alpes,5.814285714285715,82.85714285714286,2024-01-02
Bourgogne-Franche-Comté,5.285714285714286,84.14285714285714,2024-01-02
Bretagne,6.285714285714286,86.0,2024-01-02
Centre-Val de Loire,5.971428571428571,85.0,2024-01-02
Corse,2.814285714285714,92.71428571428571,2024-01-02
Grand Est,5.528571428571429,79.85714285714286,2024-01-02
Hauts-de-France,5.8,83.85714285714286,2024-01-02
Normandie,6.428571428571429,83.42857142857143,2024-01-02
Nouvelle-Aquitaine,8.185714285714285,82.0,2024-01-02
Occitanie,6.714285714285714,85.14285714285714,2024-01-02
Pays de la Loire,7.4,83.85714285714286,2024-01-02
Provence-Alpes-Côte d'Azur,9.385714285714286,74.57142857142857,2024-01-02
Île-de-France,6.271428571428571,83.14285714285714,2024-01-02
Auvergne-Rhône-Alpes,-0.1142857142857143,88.14285714285714,2024-01-09
Bourgogne-Franche-Comté,-1.9428571428571428,84.14285714285714,2024-01-09
Bretagne,0.6142857142857142,84.85714285714286,2024-01-09
Centre-Val de Loire,-0.7857142857142857,84.42857142857143,2024-01-09
Corse,1.4285714285714286,87.71428571428571,2024-01-09
Grand Est,-2.7714285714285714,77.57142857142857,2024-01-09
Hauts-de-France,-0.4714285714285714,75.28571428571429,2024-01-09
Normandie,-0.17142857142857149,76.71428571428571,2024-01-09
Nouvelle-Aquitaine,2.0571428571428574,89.57142857142857,2024-01-09
Occitanie,3.1285714285714286,89.42857142857143,2024-01-09
Pays de la Loire,1.1142857142857143,80.0,2024-01-09
Provence-Alpes-Côte d'Azur,6.557142857142857,77.0,2024-01-09
Île-de-France,-0.6,78.57142857142857,2024-01-09
Auvergne-Rhône-Alpes,2.7285714285714286,84.71428571428571,2024-01-16
Bourgogne-Franche-Comté,1.3714285714285714,81.14285714285714,2024-01-16
Bretagne,3.0714285714285716,84.71428571428571,2024-01-16
Centre-Val de Loire,2.6714285714285713,83.28571428571429,2024-01-16
Corse,2.3000000000000003,74.71428571428571,2024-01-16
Grand Est,0.2857142857142857,80.85714285714286,2024-01-16
Hauts-de-France,0.4857142857142859,83.57142857142857,2024-01-16
Normandie,1.5,85.14285714285714,2024-01-16
Nouvelle-Aquitaine,6.757142857142857,82.14285714285714,2024-01-16
Occitanie,6.957142857142857,81.28571428571429,2024-01-16
Pays de la Loire,5.014285714285714,84.57142857142857,2024-01-16
Provence-Alpes-Côte d'Azur,8.442857142857143,72.28571428571429,2024-01-16
Île-de-France,1.5714285714285714,84.42857142857143,2024-01-16
Auvergne-Rhône-Alpes,7.3428571428571425,85.0,2024-01-23
Bourgogne-Franche-Comté,7.428571428571429,88.28571428571429,2024-01-23
Bretagne,9.128571428571428,92.42857142857143,2024-01-23
Centre-Val de Loire,8.4,89.14285714285714,2024-01-23
Corse,6.071428571428571,59.42857142857143,2024-01-23
Grand Est,5.671428571428571,86.42857142857143,2024-01-23
Hauts-de-France,6.757142857142857,86.42857142857143,2024-01-23
Normandie,7.8428571428571425,89.0,2024-01-23
Nouvelle-Aquitaine,10.928571428571429,91.14285714285714,2024-01-23
Occitanie,9.485714285714286,90.28571428571429,2024-01-23
Pays de la Loire,10.214285714285714,91.0,2024-01-23
Provence-Alpes-Côte d'Azur,12.557142857142859,65.28571428571429,2024-01-23
Île-de-France,8.185714285714285,86.14285714285714,2024-01-23
Auvergne-Rhône-Alpes,6.157142857142857,89.42857142857143,2024-01-30
Bourgogne-Franche-Comté,6.742857142857143,89.71428571428571,2024-01-30
Bretagne,8.371428571428572,89.57142857142857,2024-01-30
Centre-Val de Loire,8.22857142857143,90.42857142857143,2024-01-30
Corse,4.814285714285715,64.42857142857143,2024-01-30
Grand Est,6.228571428571429,86.14285714285714,2024-01-30
Hauts-de-France,8.385714285714286,86.0,2024-01-30
Normandie,8.371428571428572,88.0,2024-01-30
Nouvelle-Aquitaine,8.442857142857143,92.85714285714286,2024-01-30
Occitanie,7.771428571428571,92.57142857142857,2024-01-30
Pays de la Loire,9.457142857142857,89.71428571428571,2024-01-30
Provence-Alpes-Côte d'Azur,10.528571428571428,71.71428571428571,2024-01-30
Île-de-France,8.657142857142857,86.57142857142857,2024-01-30
Auvergne-Rhône-Alpes,7.557142857142857,84.57142857142857,2024-02-06
Bourgogne-Franche-Comté,7.928571428571429,87.14285714285714,2024-02-06
Bretagne,9.357142857142858,88.14285714285714,2024-02-06
Centre-Val de Loire,9.028571428571428,87.57142857142857,2024-02-06
Corse,3.3000000000000003,81.14285714285714,2024-02-06
Grand Est,8.6,83.0,2024-02-06
Hauts-de-France,8.657142857142857,87.42857142857143,2024-02-06
Normandie,9.685714285714285,88.14285714285714,2024-02-06
Nouvelle-Aquitaine,10.457142857142857,79.42857142857143,2024-02-06
Occitanie,9.114285714285714,82.0,2024-02-06
Pays de la Loire,10.62857142857143,85.85714285714286,2024-02-06
Provence-Alpes-Côte d'Azur,11.171428571428573,76.28571428571429,2024-02-06
Île-de-France,9.714285714285714,86.28571428571429,2024-02-06
Auvergne-Rhône-Alpes,9.557142857142859,79.0,2024-02-13
Bourgogne-Franche-Comté,8.757142857142856,83.42857142857143,2024-02-13
Bretagne,10.571428571428571,89.57142857142857,2024-02-13
Centre-Val de Loire,9.857142857142858,83.57142857142857,2024-02-13
Corse,4.685714285714285,68.85714285714286,2024-02-13
Grand Est,8.8,83.71428571428571,2024-02-13
Hauts-de-France,10.071428571428571,85.85714285714286,2024-02-13
Normandie,10.485714285714286,87.14285714285714,2024-02-13
Nouvelle-Aquitaine,11.142857142857142,82.71428571428571,2024-02-13
Occitanie,10.12857142857143,83.0,2024-02-13
Pays de la Loire,11.200000000000001,87.28571428571429,2024-02-13
Provence-Alpes-Côte d'Azur,11.700000000000001,74.85714285714286,2024-02-13
Île-de-France,10.342857142857143,84.14285714285714,2024-02-13
Auvergne-Rhône-Alpes,7.8,78.71428571428571,2024-02-20
Bourgogne-Franche-Comté,6.785714285714286,82.14285714285714,2024-02-20
Bretagne,7.5,85.85714285714286,2024-02-20
Centre-Val de Loire,7.3999999999999995,87.42857142857143,2024-02-20
Corse,2.142857142857143,82.14285714285714,2024-02-20
Grand Est,7.4142857142857155,75.14285714285714,2024-02-20
Hauts-de-France,7.014285714285714,85.57142857142857,2024-02-20
Normandie,7.4,87.42857142857143,2024-02-20
Nouvelle-Aquitaine,9.357142857142858,83.42857142857143,2024-02-20
Occitanie,8.471428571428572,78.0,2024-02-20
Pays de la Loire,8.542857142857143,86.28571428571429,2024-02-20
Provence-Alpes-Côte d'Azur,11.028571428571428,73.85714285714286,2024-02-20
Île-de-France,7.585714285714286,86.28571428571429,2024-02-20
Auvergne-Rhône-Alpes,7.3,78.0,2024-02-27
Bourgogne-Franche-Comté,6.485714285714286,81.85714285714286,2024-02-27
Bretagne,6.357142857142857,83.57142857142857,2024-02-27
Centre-Val de Loire,6.528571428571428,85.0,2024-02-27
Corse,2.7714285714285714,90.28571428571429,2024-02-27
Grand Est,7.114285714285714,82.42857142857143,2024-02-27
Hauts-de-France,6.442857142857143,86.57142857142857,2024-02-27
Normandie,6.471428571428571,85.28571428571429,2024-02-27
Nouvelle-Aquitaine,7.8999999999999995,84.71428571428571,2024-02-27
Occitanie,7.685714285714285,80.0,2024-02-27
Pays de la Loire,7.3428571428571425,82.14285714285714,2024-02-27
Provence-Alpes-Côte d'Azur,10.742857142857144,76.14285714285714,2024-02-27
Île-de-France,6.8428571428571425,84.57142857142857,2024-02-27
Auvergne-Rhône-Alpes,7.171428571428572,78.57142857142857,2024-03-05
Bourgogne-Franche-Comté,6.057142857142857,81.14285714285714,2024-03-05
Bretagne,6.371428571428572,86.71428571428571,2024-03-05
Centre-Val de Loire,7.014285714285714,82.85714285714286,2024-03-05
Corse,1.4285714285714286,89.14285714285714,2024-03-05
Grand Est,6.8999999999999995,82.0,2024-03-05
Hauts-de-France,7.085714285714286,81.57142857142857,2024-03-05
Normandie,7.071428571428571,84.71428571428571,2024-03-05
Nouvelle-Aquitaine,9.071428571428571,81.85714285714286,2024-03-05
Occitanie,9.057142857142857,79.28571428571429,2024-03-05
Pays de la Loire,7.914285714285714,83.0,2024-03-05
Provence-Alpes-Côte d'Azur,10.557142857142859,70.85714285714286,2024-03-05
Île-de-France,7.557142857142857,82.28571428571429,2024-03-05
Auvergne-Rhône-Alpes,11.042857142857143,80.71428571428571,2024-03-12
Bourgogne-Franche-Comté,10.585714285714285,82.57142857142857,2024-03-12
Bretagne,10.971428571428572,89.42857142857143,2024-03-12
Centre-Val de Loire,11.357142857142858,85.71428571428571,2024-03-12
Corse,5.2,79.57142857142857,2024-03-12
Grand Est,10.171428571428573,83.28571428571429,2024-03-12
Hauts-de-France,10.685714285714285,82.71428571428571,2024-03-12
Normandie,11.442857142857141,85.28571428571429,2024-03-12
Nouvelle-Aquitaine,12.957142857142857,81.85714285714286,2024-03-12
Occitanie,12.471428571428572,78.14285714285714,2024-03-12
Pays de la Loire,12.028571428571428,87.85714285714286,2024-03-12
Provence-Alpes-Côte d'Azur,12.62857142857143,74.71428571428571,2024-03-12
Île-de-France,11.585714285714285,84.57142857142857,2024-03-12
Auvergne-Rhône-Alpes,11.200000000000001,71.71428571428571,2024-03-19
Bourgogne-Franche-Comté,10.214285714285714,75.42857142857143,2024-03-19
Bretagne,9.128571428571428,82.57142857142857,2024-03-19
Centre-Val de Loire,10.242857142857144,79.14285714285714,2024-03-19
Corse,6.285714285714286,75.57142857142857,2024-03-19
Grand Est,9.528571428571428,78.57142857142857,2024-03-19
Hauts-de-France,8.928571428571429,80.0,2024-03-19
Normandie,9.214285714285714,81.42857142857143,2024-03-19
Nouvelle-Aquitaine,13.342857142857143,78.0,2024-03-19
Occitanie,12.928571428571429,76.28571428571429,2024-03-19
Pays de la Loire,10.171428571428573,81.42857142857143,2024-03-19
Provence-Alpes-Côte d'Azur,13.200000000000001,71.57142857142857,2024-03-19
Île-de-France,10.014285714285714,78.85714285714286,2024-03-19
Auvergne-Rhône-Alpes,11.4,70.85714285714286,2024-03-26
Bourgogne-Franche-Comté,10.1,76.0,2024-03-26
Bretagne,7.299999999999999,82.71428571428571,2024-03-26
Centre-Val de Loire,8.971428571428572,80.71428571428571,2024-03-26
Corse,6.185714285714285,81.42857142857143,2024-03-26
Grand Est,9.328571428571427,79.14285714285714,2024-03-26
Hauts-de-France,9.428571428571429,76.0,2024-03-26
Normandie,9.057142857142857,81.0,2024-03-26
Nouvelle-Aquitaine,10.5,79.14285714285714,2024-03-26
Occitanie,10.885714285714286,74.42857142857143,2024-03-26
Pays de la Loire,9.271428571428572,80.42857142857143,2024-03-26
Provence-Alpes-Côte d'Azur,13.685714285714285,73.57142857142857,2024-03-26
Île-de-France,9.471428571428572,79.42857142857143,2024-03-26
Auvergne-Rhône-Alpes,15.700000000000001,58.0,2024-04-02
Bourgogne-Franche-Comté,13.985714285714286,67.85714285714286,2024-04-02
Bretagne,11.6,83.42857142857143,2024-04-02
Centre-Val de Loire,14.22857142857143,76.42857142857143,2024-04-02
Corse,10.785714285714286,55.142857142857146,2024-04-02
Grand Est,14.514285714285714,70.28571428571429,2024-04-02
Hauts-de-France,13.700000000000001,75.57142857142857,2024-04-02
Normandie,13.942857142857141,77.57142857142857,2024-04-02
Nouvelle-Aquitaine,16.142857142857142,70.71428571428571,2024-04-02
Occitanie,15.057142857142859,71.14285714285714,2024-04-02
Pays de la Loire,13.5,81.14285714285714,2024-04-02
Provence-Alpes-Côte d'Azur,16.02857142857143,64.42857142857143,2024-04-02
Île-de-France,14.271428571428572,77.42857142857143,2024-04-02
Auvergne-Rhône-Alpes,14.085714285714285,66.71428571428571,2024-04-09
Bourgogne-Franche-Comté,12.857142857142858,72.14285714285714,2024-04-09
Bretagne,10.9,81.57142857142857,2024-04-09
Centre-Val de Loire,12.657142857142857,77.71428571428571,2024-04-09
Corse,10.37142857142857,62.57142857142857,2024-04-09
Grand Est,12.757142857142856,73.71428571428571,2024-04-09
Hauts-de-France,12.314285714285715,74.71428571428571,2024-04-09
Normandie,12.257142857142856,77.71428571428571,2024-04-09
Nouvelle-Aquitaine,14.428571428571429,75.57142857142857,2024-04-09
Occitanie,13.971428571428572,75.85714285714286,2024-04-09
Pays de la Loire,12.514285714285714,79.85714285714286,2024-04-09
Provence-Alpes-Côte d'Azur,16.214285714285715,61.57142857142857,2024-04-09
Île-de-France,13.157142857142857,75.14285714285714,2024-04-09
Auvergne-Rhône-Alpes,7.671428571428572,69.85714285714286,2024-04-16
Bourgogne-Franche-Comté,6.314285714285715,73.42857142857143,2024-04-16
Bretagne,8.214285714285714,74.42857142857143,2024-04-16
Centre-Val de Loire,7.885714285714286,71.42857142857143,2024-04-16
Corse,3.514285714285714,75.85714285714286,2024-04-16
Grand Est,6.328571428571428,78.28571428571429,2024-04-16
Hauts-de-France,7.242857142857142,73.14285714285714,2024-04-16
Normandie,7.857142857142857,73.0,2024-04-16
Nouvelle-Aquitaine,10.642857142857142,65.0,2024-04-16
Occitanie,9.685714285714285,65.0,2024-04-16
Pays de la Loire,9.685714285714285,69.14285714285714,2024-04-16
Provence-Alpes-Côte d'Azur,12.057142857142859,47.57142857142857,2024-04-16
Île-de-France,7.757142857142857,72.28571428571429,2024-04-16
Auvergne-Rhône-Alpes,9.814285714285715,72.85714285714286,2024-04-23
Bourgogne-Franche-Comté,8.357142857142858,79.0,2024-04-23
Bretagne,8.642857142857142,79.57142857142857,2024-04-23
Centre-Val de Loire,9.414285714285715,77.57142857142857,2024-04-23
Corse,4.885714285714286,73.85714285714286,2024-04-23
Grand Est,8.928571428571429,74.71428571428571,2024-04-23
Hauts-de-France,8.72857142857143,77.71428571428571,2024-04-23
Normandie,8.885714285714286,79.0,2024-04-23
Nouvelle-Aquitaine,11.299999999999999,76.42857142857143,2024-04-23
Occitanie,10.971428571428572,75.14285714285714,2024-04-23
Pays de la Loire,10.157142857142857,79.0,2024-04-23
Provence-Alpes-Côte d'Azur,13.442857142857141,61.285714285714285,2024-04-23
Île-de-France,9.685714285714285,74.71428571428571,2024-04-23
Auvergne-Rhône-Alpes,12.942857142857141,80.28571428571429,2024-04-30
Bourgogne-Franche-Comté,12.757142857142856,83.42857142857143,2024-04-30
Bretagne,10.385714285714286,82.42857142857143,2024-04-30
Centre-Val de Loire,12.028571428571428,86.14285714285714,2024-04-30
Corse,7.528571428571429,74.85714285714286,2024-04-30
Grand Est,14.700000000000001,79.14285714285714,2024-04-30
Hauts-de-France,12.928571428571429,82.42857142857143,2024-04-30
Normandie,12.271428571428572,83.42857142857143,2024-04-30
Nouvelle-Aquitaine,12.928571428571429,82.14285714285714,2024-04-30
Occitanie,12.9,78.14285714285714,2024-04-30
Pays de la Loire,11.714285714285714,82.71428571428571,2024-04-30
Provence-Alpes-Côte d'Azur,14.942857142857141,74.71428571428571,2024-04-30
Île-de-France,13.0,82.28571428571429,2024-04-30
Auvergne-Rhône-Alpes,15.985714285714286,74.42857142857143,2024-05-07
Bourgogne-Franche-Comté,15.285714285714286,76.85714285714286,2024-05-07
Bretagne,14.685714285714285,78.42857142857143,2024-05-07
Centre-Val de Loire,15.414285714285715,77.0,2024-05-07
Corse,10.114285714285714,70.28571428571429,2024-05-07
Grand Est,15.357142857142858,72.71428571428571,2024-05-07
Hauts-de-France,15.157142857142857,76.14285714285714,2024-05-07
Normandie,15.242857142857144,76.57142857142857,2024-05-07
Nouvelle-Aquitaine,16.542857142857144,75.14285714285714,2024-05-07
Occitanie,15.9,75.57142857142857,2024-05-07
Pays de la Loire,16.02857142857143,76.85714285714286,2024-05-07
Provence-Alpes-Côte d'Azur,17.5,65.85714285714286,2024-05-07
Île-de-France,15.514285714285714,76.28571428571429,2024-05-07
Auvergne-Rhône-Alpes,14.742857142857144,79.85714285714286,2024-05-14
Bourgogne-Franche-Comté,14.014285714285714,80.71428571428571,2024-05-14
Bretagne,12.685714285714285,83.42857142857143,2024-05-14
Centre-Val de Loire,13.942857142857141,83.14285714285714,2024-05-14
Corse,11.214285714285714,76.71428571428571,2024-05-14
Grand Est,15.5,78.71428571428571,2024-05-14
Hauts-de-France,14.799999999999999,83.57142857142857,2024-05-14
Normandie,14.514285714285714,80.71428571428571,2024-05-14
Nouvelle-Aquitaine,13.785714285714286,83.14285714285714,2024-05-14
Occitanie,13.9,81.42857142857143,2024-05-14
Pays de la Loire,13.742857142857144,82.71428571428571,2024-05-14
Provence-Alpes-Côte d'Azur,16.8,78.28571428571429,2024-05-14
Île-de-France,14.985714285714286,80.71428571428571,2024-05-14
Auvergne-Rhône-Alpes,15.700000000000001,78.0,2024-05-21
Bourgogne-Franche-Comté,14.714285714285714,77.28571428571429,2024-05-21
Bretagne,12.542857142857143,80.71428571428571,2024-05-21
Centre-Val de Loire,14.314285714285715,82.57142857142857,2024-05-21
Corse,10.6,72.0,2024-05-21
Grand Est,15.471428571428572,81.71428571428571,2024-05-21
Hauts-de-France,14.528571428571428,79.0,2024-05-21
Normandie,14.200000000000001,80.14285714285714,2024-05-21
Nouvelle-Aquitaine,15.242857142857144,78.14285714285714,2024-05-21
Occitanie,15.471428571428572,75.42857142857143,2024-05-21
Pays de la Loire,14.4,79.71428571428571,2024-05-21
Provence-Alpes-Côte d'Azur,17.842857142857145,72.85714285714286,2024-05-21
Île-de-France,15.085714285714285,80.14285714285714,2024-05-21
Auvergne-Rhône-Alpes,15.542857142857143,76.57142857142857,2024-05-28
Bourgogne-Franche-Comté,14.428571428571429,79.71428571428571,2024-05-28
Bretagne,13.914285714285715,79.85714285714286,2024-05-28
Centre-Val de Loire,14.042857142857143,82.42857142857143,2024-05-28
Corse,10.571428571428571,76.14285714285714,2024-05-28
Grand Est,15.414285714285715,80.28571428571429,2024-05-28
Hauts-de-France,13.87142857142857,81.71428571428571,2024-05-28
Normandie,13.914285714285715,84.14285714285714,2024-05-28
Nouvelle-Aquitaine,15.857142857142858,77.71428571428571,2024-05-28
Occitanie,16.271428571428572,74.42857142857143,2024-05-28
Pays de la Loire,15.542857142857144,75.85714285714286,2024-05-28
Provence-Alpes-Côte d'Azur,19.542857142857144,59.42857142857143,2024-05-28
Île-de-France,14.114285714285714,82.71428571428571,2024-05-28
Auvergne-Rhône-Alpes,19.37142857142857,76.57142857142857,2024-06-04
Bourgogne-Franche-Comté,17.371428571428574,72.0,2024-06-04
Bretagne,13.685714285714285,73.0,2024-06-04
Centre-Val de Loire,15.514285714285714,74.14285714285714,2024-06-04
Corse,15.671428571428573,66.0,2024-06-04
Grand Est,17.47142857142857,72.0,2024-06-04
Hauts-de-France,13.6,74.0,2024-06-04
Normandie,13.542857142857143,76.85714285714286,2024-06-04
Nouvelle-Aquitaine,18.785714285714285,73.14285714285714,2024-06-04
Occitanie,20.771428571428572,69.71428571428571,2024-06-04
Pays de la Loire,15.6,71.57142857142857,2024-06-04
Provence-Alpes-Côte d'Azur,20.785714285714285,68.14285714285714,2024-06-04
Île-de-France,15.071428571428571,73.14285714285714,2024-06-04
Auvergne-Rhône-Alpes,17.17142857142857,68.0,2024-06-11
Bourgogne-Franche-Comté,14.914285714285715,72.71428571428571,2024-06-11
Bretagne,12.942857142857141,78.42857142857143,2024-06-11
Centre-Val de Loire,14.914285714285715,75.14285714285714,2024-06-11
Corse,13.157142857142857,64.0,2024-06-11
Grand Est,15.814285714285715,70.14285714285714,2024-06-11
Hauts-de-France,13.5,76.42857142857143,2024-06-11
Normandie,13.814285714285715,78.14285714285714,2024-06-11
Nouvelle-Aquitaine,17.314285714285713,73.42857142857143,2024-06-11
Occitanie,18.257142857142856,66.71428571428571,2024-06-11
Pays de la Loire,14.842857142857143,76.14285714285714,2024-06-11
Provence-Alpes-Côte d'Azur,19.785714285714285,61.285714285714285,2024-06-11
Île-de-France,14.914285714285715,73.85714285714286,2024-06-11
Auvergne-Rhône-Alpes,20.114285714285717,75.71428571428571,2024-06-18
Bourgogne-Franche-Comté,18.928571428571427,79.71428571428571,2024-06-18
Bretagne,16.214285714285715,82.85714285714286,2024-06-18
Centre-Val de Loire,18.057142857142857,81.42857142857143,2024-06-18
Corse,17.54285714285714,64.42857142857143,2024-06-18
Grand Est,19.385714285714283,80.28571428571429,2024-06-18
Hauts-de-France,16.67142857142857,79.28571428571429,2024-06-18
Normandie,17.057142857142857,79.42857142857143,2024-06-18
Nouvelle-Aquitaine,18.82857142857143,82.14285714285714,2024-06-18
Occitanie,18.942857142857143,76.85714285714286,2024-06-18
Pays de la Loire,17.95714285714286,81.42857142857143,2024-06-18
Provence-Alpes-Côte d'Azur,23.099999999999998,62.285714285714285,2024-06-18
Île-de-France,17.9,79.85714285714286,2024-06-18
Auvergne-Rhône-Alpes,22.385714285714283,77.0,2024-06-25
Bourgogne-Franche-Comté,21.185714285714287,78.71428571428571,2024-06-25
Bretagne,16.885714285714286,74.57142857142857,2024-06-25
Centre-Val de Loire,20.285714285714285,73.0,2024-06-25
Corse,17.02857142857143,72.0,2024-06-25
Grand Est,21.0,78.28571428571429,2024-06-25
Hauts-de-France,18.67142857142857,72.85714285714286,2024-06-25
Normandie,18.571428571428573,74.28571428571429,2024-06-25
Nouvelle-Aquitaine,21.5,75.85714285714286,2024-06-25
Occitanie,22.157142857142855,72.28571428571429,2024-06-25
Pays de la Loire,19.87142857142857,69.71428571428571,2024-06-25
Provence-Alpes-Côte d'Azur,22.47142857142857,72.42857142857143,2024-06-25
Île-de-France,20.099999999999998,72.28571428571429,2024-06-25
Auvergne-Rhône-Alpes,19.228571428571428,71.14285714285714,2024-07-02
Bourgogne-Franche-Comté,16.657142857142855,76.14285714285714,2024-07-02
Bretagne,15.071428571428571,77.14285714285714,2024-07-02
Centre-Val de Loire,16.82857142857143,72.14285714285714,2024-07-02
Corse,16.857142857142858,73.28571428571429,2024-07-02
Grand Est,17.285714285714285,78.14285714285714,2024-07-02
Hauts-de-France,15.757142857142856,74.14285714285714,2024-07-02
Normandie,16.12857142857143,74.42857142857143,2024-07-02
Nouvelle-Aquitaine,18.242857142857144,75.42857142857143,2024-07-02
Occitanie,19.37142857142857,70.42857142857143,2024-07-02
Pays de la Loire,16.642857142857142,73.28571428571429,2024-07-02
Provence-Alpes-Côte d'Azur,23.142857142857142,58.714285714285715,2024-07-02
Île-de-France,17.1,67.14285714285714,2024-07-02
Auvergne-Rhône-Alpes,21.657142857142855,75.28571428571429,2024-07-09
Bourgogne-Franche-Comté,19.914285714285715,76.0,2024-07-09
Bretagne,15.214285714285714,84.28571428571429,2024-07-09
Centre-Val de Loire,18.842857142857145,74.57142857142857,2024-07-09
Corse,21.357142857142858,49.0,2024-07-09
Grand Est,20.75714285714286,78.85714285714286,2024-07-09
Hauts-de-France,17.114285714285714,76.57142857142857,2024-07-09
Normandie,17.157142857142855,79.0,2024-07-09
Nouvelle-Aquitaine,20.414285714285715,76.57142857142857,2024-07-09
Occitanie,22.271428571428572,74.14285714285714,2024-07-09
Pays de la Loire,17.071428571428573,82.0,2024-07-09
Provence-Alpes-Côte d'Azur,24.24285714285714,61.0,2024-07-09
Île-de-France,18.942857142857143,73.0,2024-07-09
Auvergne-Rhône-Alpes,22.52857142857143,71.14285714285714,2024-07-16
Bourgogne-Franche-Comté,21.228571428571428,72.28571428571429,2024-07-16
Bretagne,18.04285714285714,80.71428571428571,2024-07-16
Centre-Val de Loire,20.857142857142858,71.14285714285714,2024-07-16
Corse,21.428571428571427,52.142857142857146,2024-07-16
Grand Est,21.771428571428572,75.42857142857143,2024-07-16
Hauts-de-France,20.32857142857143,74.42857142857143,2024-07-16
Normandie,19.842857142857145,75.71428571428571,2024-07-16
Nouvelle-Aquitaine,21.442857142857143,71.28571428571429,2024-07-16
Occitanie,22.52857142857143,70.0,2024-07-16
Pays de la Loire,19.542857142857144,76.71428571428571,2024-07-16
Provence-Alpes-Côte d'Azur,25.942857142857143,58.714285714285715,2024-07-16
Île-de-France,21.62857142857143,66.42857142857143,2024-07-16
Auvergne-Rhône-Alpes,22.942857142857143,69.57142857142857,2024-07-23
Bourgogne-Franche-Comté,20.685714285714287,74.71428571428571,2024-07-23
Bretagne,17.87142857142857,79.0,2024-07-23
Centre-Val de Loire,20.585714285714285,75.42857142857143,2024-07-23
Corse,21.657142857142855,57.57142857142857,2024-07-23
Grand Est,20.585714285714285,74.42857142857143,2024-07-23
Hauts-de-France,19.142857142857142,72.85714285714286,2024-07-23
Normandie,19.214285714285715,76.71428571428571,2024-07-23
Nouvelle-Aquitaine,23.271428571428572,74.85714285714286,2024-07-23
Occitanie,24.228571428571428,69.85714285714286,2024-07-23
Pays de la Loire,20.114285714285717,78.28571428571429,2024-07-23
Provence-Alpes-Côte d'Azur,25.457142857142856,61.285714285714285,2024-07-23
Île-de-France,20.442857142857143,74.0,2024-07-23
Auvergne-Rhône-Alpes,24.67142857142857,68.71428571428571,2024-07-30
Bourgogne-Franche-Comté,22.657142857142855,76.0,2024-07-30
Bretagne,19.771428571428572,75.42857142857143,2024-07-30
Centre-Val de Loire,23.114285714285717,73.42857142857143,2024-07-30
Corse,22.67142857142857,51.857142857142854,2024-07-30
Grand Est,22.17142857142857,77.85714285714286,2024-07-30
Hauts-de-France,21.157142857142855,76.28571428571429,2024-07-30
Normandie,21.7,77.28571428571429,2024-07-30
Nouvelle-Aquitaine,23.442857142857143,75.14285714285714,2024-07-30
Occitanie,24.02857142857143,68.42857142857143,2024-07-30
Pays de la Loire,21.957142857142856,76.85714285714286,2024-07-30
Provence-Alpes-Côte d'Azur,27.557142857142857,56.142857142857146,2024-07-30
Île-de-France,22.5,75.0,2024-07-30
Auvergne-Rhône-Alpes,25.185714285714287,60.142857142857146,2024-08-06
Bourgogne-Franche-Comté,22.97142857142857,69.71428571428571,2024-08-06
Bretagne,19.985714285714288,74.71428571428571,2024-08-06
Centre-Val de Loire,22.771428571428572,67.0,2024-08-06
Corse,21.814285714285713,55.714285714285715,2024-08-06
Grand Est,22.3,74.85714285714286,2024-08-06
Hauts-de-France,21.3,67.14285714285714,2024-08-06
Normandie,20.842857142857145,72.57142857142857,2024-08-06
Nouvelle-Aquitaine,23.885714285714283,66.42857142857143,2024-08-06
Occitanie,25.385714285714283,60.0,2024-08-06
Pays de la Loire,21.457142857142856,73.14285714285714,2024-08-06
Provence-Alpes-Côte d'Azur,27.271428571428572,60.42857142857143,2024-08-06
Île-de-France,22.900000000000002,64.42857142857143,2024-08-06
Auvergne-Rhône-Alpes,22.842857142857145,69.0,2024-08-13
Bourgogne-Franche-Comté,21.24285714285714,74.0,2024-08-13
Bretagne,17.599999999999998,77.28571428571429,2024-08-13
Centre-Val de Loire,19.97142857142857,75.42857142857143,2024-08-13
Corse,18.599999999999998,67.42857142857143,2024-08-13
Grand Est,22.571428571428573,73.14285714285714,2024-08-13
Hauts-de-France,19.957142857142856,74.0,2024-08-13
Normandie,19.271428571428572,78.57142857142857,2024-08-13
Nouvelle-Aquitaine,20.214285714285715,77.57142857142857,2024-08-13
Occitanie,21.342857142857145,72.14285714285714,2024-08-13
Pays de la Loire,19.342857142857145,74.85714285714286,2024-08-13
Provence-Alpes-Côte d'Azur,25.114285714285717,69.0,2024-08-13
Île-de-France,20.557142857142857,75.14285714285714,2024-08-13
Auvergne-Rhône-Alpes,20.87142857142857,61.57142857142857,2024-08-20
Bourgogne-Franche-Comté,18.914285714285715,67.0,2024-08-20
Bretagne,16.485714285714288,79.85714285714286,2024-08-20
Centre-Val de Loire,17.928571428571427,71.85714285714286,2024-08-20
Corse,19.085714285714285,68.57142857142857,2024-08-20
Grand Est,19.3,70.14285714285714,2024-08-20
Hauts-de-France,17.885714285714286,71.14285714285714,2024-08-20
Normandie,17.657142857142855,76.71428571428571,2024-08-20
Nouvelle-Aquitaine,19.67142857142857,70.28571428571429,2024-08-20
Occitanie,21.12857142857143,66.0,2024-08-20
Pays de la Loire,17.97142857142857,76.57142857142857,2024-08-20
Provence-Alpes-Côte d'Azur,23.885714285714283,59.857142857142854,2024-08-20
Île-de-France,18.557142857142857,69.28571428571429,2024-08-20
Auvergne-Rhône-Alpes,23.771428571428572,64.57142857142857,2024-08-27
Bourgogne-Franche-Comté,22.75714285714286,71.0,2024-08-27
Bretagne,17.957142857142856,79.71428571428571,2024-08-27
Centre-Val de Loire,20.17142857142857,76.28571428571429,2024-08-27
Corse,19.014285714285712,59.142857142857146,2024-08-27
Grand Est,22.657142857142855,74.85714285714286,2024-08-27
Hauts-de-France,20.12857142857143,73.42857142857143,2024-08-27
Normandie,19.914285714285715,76.28571428571429,2024-08-27
Nouvelle-Aquitaine,21.714285714285715,77.57142857142857,2024-08-27
Occitanie,23.314285714285713,68.85714285714286,2024-08-27
Pays de la Loire,19.557142857142857,79.0,2024-08-27
Provence-Alpes-Côte d'Azur,25.099999999999998,65.57142857142857,2024-08-27
Île-de-France,20.314285714285713,77.0,2024-08-27
Auvergne-Rhône-Alpes,19.642857142857142,78.14285714285714,2024-09-03
Bourgogne-Franche-Comté,18.214285714285715,81.57142857142857,2024-09-03
Bretagne,14.814285714285715,83.57142857142857,2024-09-03
Centre-Val de Loire,17.45714285714286,80.57142857142857,2024-09-03
Corse,16.45714285714286,73.42857142857143,2024-09-03
Grand Est,20.185714285714287,81.0,2024-09-03
Hauts-de-France,17.67142857142857,84.28571428571429,2024-09-03
Normandie,16.657142857142855,85.42857142857143,2024-09-03
Nouvelle-Aquitaine,17.314285714285713,82.57142857142857,2024-09-03
Occitanie,18.442857142857143,80.85714285714286,2024-09-03
Pays de la Loire,15.942857142857141,85.0,2024-09-03
Provence-Alpes-Côte d'Azur,22.97142857142857,71.0,2024-09-03
Île-de-France,17.557142857142857,81.42857142857143,2024-09-03
Auvergne-Rhône-Alpes,13.242857142857144,70.71428571428571,2024-09-10
Bourgogne-Franche-Comté,12.185714285714285,74.0,2024-09-10
Bretagne,12.657142857142857,74.28571428571429,2024-09-10
Centre-Val de Loire,12.771428571428572,74.85714285714286,2024-09-10
Corse,10.814285714285715,73.42857142857143,2024-09-10
Grand Est,12.442857142857141,76.14285714285714,2024-09-10
Hauts-de-France,12.542857142857143,78.71428571428571,2024-09-10
Normandie,12.728571428571428,78.28571428571429,2024-09-10
Nouvelle-Aquitaine,14.942857142857141,72.42857142857143,2024-09-10
Occitanie,14.457142857142857,70.42857142857143,2024-09-10
Pays de la Loire,13.671428571428573,73.71428571428571,2024-09-10
Provence-Alpes-Côte d'Azur,17.685714285714287,53.714285714285715,2024-09-10
Île-de-France,13.028571428571428,75.85714285714286,2024-09-10
Auvergne-Rhône-Alpes,16.385714285714286,78.42857142857143,2024-09-17
Bourgogne-Franche-Comté,15.957142857142857,78.57142857142857,2024-09-17
Bretagne,15.557142857142855,84.42857142857143,2024-09-17
Centre-Val de Loire,16.5,79.85714285714286,2024-09-17
Corse,10.214285714285714,83.71428571428571,2024-09-17
Grand Est,16.47142857142857,80.57142857142857,2024-09-17
Hauts-de-France,17.428571428571427,78.42857142857143,2024-09-17
Normandie,17.357142857142858,78.85714285714286,2024-09-17
Nouvelle-Aquitaine,17.428571428571427,79.14285714285714,2024-09-17
Occitanie,17.614285714285714,73.57142857142857,2024-09-17
Pays de la Loire,16.814285714285713,80.42857142857143,2024-09-17
Provence-Alpes-Côte d'Azur,19.25714285714286,69.85714285714286,2024-09-17
Île-de-France,17.2,77.85714285714286,2024-09-17
Auvergne-Rhône-Alpes,15.0,74.57142857142857,2024-09-24
Bourgogne-Franche-Comté,13.4,78.85714285714286,2024-09-24
Bretagne,12.857142857142858,83.57142857142857,2024-09-24
Centre-Val de Loire,13.571428571428571,84.14285714285714,2024-09-24
Corse,10.985714285714286,86.42857142857143,2024-09-24
Grand Est,14.085714285714285,75.85714285714286,2024-09-24
Hauts-de-France,13.028571428571428,79.57142857142857,2024-09-24
Normandie,13.071428571428571,82.85714285714286,2024-09-24
Nouvelle-Aquitaine,15.842857142857143,82.0,2024-09-24
Occitanie,15.942857142857141,74.71428571428571,2024-09-24
Pays de la Loire,14.071428571428571,82.14285714285714,2024-09-24
Provence-Alpes-Côte d'Azur,18.514285714285712,70.14285714285714,2024-09-24
Île-de-France,13.528571428571428,81.85714285714286,2024-09-24
Auvergne-Rhône-Alpes,13.657142857142857,79.0,2024-10-01
Bourgogne-Franche-Comté,11.614285714285714,86.28571428571429,2024-10-01
Bretagne,12.171428571428573,85.42857142857143,2024-10-01
Centre-Val de Loire,12.514285714285716,85.14285714285714,2024-10-01
Corse,10.1,84.85714285714286,2024-10-01
Grand Est,12.0,84.28571428571429,2024-10-01
Hauts-de-France,11.928571428571429,80.0,2024-10-01
Normandie,12.742857142857144,81.0,2024-10-01
Nouvelle-Aquitaine,14.842857142857143,84.71428571428571,2024-10-01
Occitanie,15.071428571428571,79.0,2024-10-01
Pays de la Loire,13.471428571428572,83.57142857142857,2024-10-01
Provence-Alpes-Côte d'Azur,17.357142857142858,71.28571428571429,2024-10-01
Île-de-France,12.714285714285714,81.85714285714286,2024-10-01
Auvergne-Rhône-Alpes,14.985714285714286,82.0,2024-10-08
Bourgogne-Franche-Comté,13.428571428571429,87.28571428571429,2024-10-08
Bretagne,12.328571428571427,88.71428571428571,2024-10-08
Centre-Val de Loire,14.142857142857142,84.28571428571429,2024-10-08
Corse,11.085714285714285,77.14285714285714,2024-10-08
Grand Est,12.657142857142857,82.42857142857143,2024-10-08
Hauts-de-France,11.057142857142859,82.85714285714286,2024-10-08
Normandie,12.171428571428573,85.57142857142857,2024-10-08
Nouvelle-Aquitaine,17.071428571428573,80.71428571428571,2024-10-08
Occitanie,17.0,80.28571428571429,2024-10-08
Pays de la Loire,14.614285714285714,86.85714285714286,2024-10-08
Provence-Alpes-Côte d'Azur,18.314285714285713,78.14285714285714,2024-10-08
Île-de-France,13.12857142857143,84.28571428571429,2024-10-08
Auvergne-Rhône-Alpes,16.557142857142857,83.71428571428571,2024-10-15
Bourgogne-Franche-Comté,14.985714285714286,89.28571428571429,2024-10-15
Bretagne,14.228571428571428,91.57142857142857,2024-10-15
Centre-Val de Loire,15.971428571428572,87.42857142857143,2024-10-15
Corse,12.585714285714285,82.57142857142857,2024-10-15
Grand Est,13.814285714285715,91.85714285714286,2024-10-15
Hauts-de-France,15.12857142857143,87.14285714285714,2024-10-15
Normandie,15.014285714285714,89.85714285714286,2024-10-15
Nouvelle-Aquitaine,16.8,87.57142857142857,2024-10-15
Occitanie,16.614285714285717,83.57142857142857,2024-10-15
Pays de la Loire,16.114285714285714,88.71428571428571,2024-10-15
Provence-Alpes-Côte d'Azur,18.842857142857145,76.85714285714286,2024-10-15
Île-de-France,15.957142857142857,88.14285714285714,2024-10-15
Auvergne-Rhône-Alpes,15.114285714285714,86.71428571428571,2024-10-22
Bourgogne-Franche-Comté,13.971428571428572,87.85714285714286,2024-10-22
Bretagne,11.142857142857142,89.14285714285714,2024-10-22
Centre-Val de Loire,13.057142857142859,90.42857142857143,2024-10-22
Corse,11.185714285714285,88.71428571428571,2024-10-22
Grand Est,12.12857142857143,89.14285714285714,2024-10-22
Hauts-de-France,12.528571428571428,88.14285714285714,2024-10-22
Normandie,12.571428571428571,90.0,2024-10-22
Nouvelle-Aquitaine,13.871428571428572,88.85714285714286,2024-10-22
Occitanie,14.642857142857142,88.57142857142857,2024-10-22
Pays de la Loire,12.985714285714286,88.42857142857143,2024-10-22
Provence-Alpes-Côte d'Azur,18.599999999999998,81.85714285714286,2024-10-22
Île-de-France,13.228571428571428,90.57142857142857,2024-10-22
Auvergne-Rhône-Alpes,11.9,93.0,2024-10-29
Bourgogne-Franche-Comté,10.471428571428572,95.71428571428571,2024-10-29
Bretagne,11.842857142857143,93.42857142857143,2024-10-29
Centre-Val de Loire,11.342857142857143,93.0,2024-10-29
Corse,11.185714285714285,74.14285714285714,2024-10-29
Grand Est,9.385714285714286,93.14285714285714,2024-10-29
Hauts-de-France,10.971428571428572,90.28571428571429,2024-10-29
Normandie,11.799999999999999,90.14285714285714,2024-10-29
Nouvelle-Aquitaine,15.0,88.42857142857143,2024-10-29
Occitanie,15.928571428571429,82.57142857142857,2024-10-29
Pays de la Loire,12.071428571428571,92.57142857142857,2024-10-29
Provence-Alpes-Côte d'Azur,16.82857142857143,76.85714285714286,2024-10-29
Île-de-France,11.114285714285714,90.42857142857143,2024-10-29
Auvergne-Rhône-Alpes,11.271428571428572,91.85714285714286,2024-11-05
Bourgogne-Franche-Comté,10.071428571428571,95.0,2024-11-05
Bretagne,11.557142857142859,94.28571428571429,2024-11-05
Centre-Val de Loire,10.9,91.85714285714286,2024-11-05
Corse,8.7,85.0,2024-11-05
Grand Est,6.957142857142857,93.14285714285714,2024-11-05
Hauts-de-France,8.514285714285714,89.28571428571429,2024-11-05
Normandie,10.785714285714286,90.14285714285714,2024-11-05
Nouvelle-Aquitaine,14.185714285714285,91.57142857142857,2024-11-05
Occitanie,14.785714285714286,87.42857142857143,2024-11-05
Pays de la Loire,12.285714285714286,91.85714285714286,2024-11-05
Provence-Alpes-Côte d'Azur,15.62857142857143,74.85714285714286,2024-11-05
Île-de-France,10.185714285714285,90.71428571428571,2024-11-05
Auvergne-Rhône-Alpes,6.014285714285714,88.42857142857143,2024-11-12
Bourgogne-Franche-Comté,5.742857142857143,87.71428571428571,2024-11-12
Bretagne,7.928571428571429,86.85714285714286,2024-11-12
Centre-Val de Loire,6.528571428571429,88.85714285714286,2024-11-12
Corse,5.014285714285714,73.14285714285714,2024-11-12
Grand Est,5.228571428571429,89.14285714285714,2024-11-12
Hauts-de-France,8.314285714285715,86.42857142857143,2024-11-12
Normandie,8.828571428571427,86.0,2024-11-12
Nouvelle-Aquitaine,8.514285714285714,85.71428571428571,2024-11-12
Occitanie,8.242857142857144,85.85714285714286,2024-11-12
Pays de la Loire,8.028571428571428,86.28571428571429,2024-11-12
Provence-Alpes-Côte d'Azur,11.657142857142857,75.0,2024-11-12
Île-de-France,8.214285714285714,85.71428571428571,2024-11-12
Auvergne-Rhône-Alpes,7.528571428571429,77.42857142857143,2024-11-19
Bourgogne-Franche-Comté,5.371428571428572,84.14285714285714,2024-11-19
Bretagne,8.142857142857142,86.57142857142857,2024-11-19
Centre-Val de Loire,7.457142857142857,80.0,2024-11-19
Corse,3.442857142857143,81.28571428571429,2024-11-19
Grand Est,5.671428571428572,75.42857142857143,2024-11-19
Hauts-de-France,6.771428571428571,78.28571428571429,2024-11-19
Normandie,7.085714285714286,83.42857142857143,2024-11-19
Nouvelle-Aquitaine,10.842857142857143,81.14285714285714,2024-11-19
Occitanie,10.485714285714284,82.42857142857143,2024-11-19
Pays de la Loire,9.785714285714286,82.0,2024-11-19
Provence-Alpes-Côte d'Azur,12.042857142857143,68.28571428571429,2024-11-19
Île-de-France,7.257142857142857,80.14285714285714,2024-11-19
Auvergne-Rhône-Alpes,6.585714285714286,91.57142857142857,2024-11-26
Bourgogne-Franche-Comté,5.771428571428572,90.28571428571429,2024-11-26
Bretagne,10.385714285714286,92.57142857142857,2024-11-26
Centre-Val de Loire,7.828571428571428,89.42857142857143,2024-11-26
Corse,4.8,70.42857142857143,2024-11-26
Grand Est,4.414285714285714,87.28571428571429,2024-11-26
Hauts-de-France,6.157142857142857,88.42857142857143,2024-11-26
Normandie,7.5857142857142845,89.57142857142857,2024-11-26
Nouvelle-Aquitaine,10.357142857142858,89.28571428571429,2024-11-26
Occitanie,9.185714285714285,89.71428571428571,2024-11-26
Pays de la Loire,11.428571428571429,92.42857142857143,2024-11-26
Provence-Alpes-Côte d'Azur,12.157142857142857,78.85714285714286,2024-11-26
Île-de-France,7.128571428571428,88.85714285714286,2024-11-26
Auvergne-Rhône-Alpes,5.3999999999999995,83.85714285714286,2024-12-03
Bourgogne-Franche-Comté,4.942857142857143,86.85714285714286,2024-12-03
Bretagne,8.257142857142856,84.57142857142857,2024-12-03
Centre-Val de Loire,6.828571428571428,86.71428571428571,2024-12-03
Corse,1.3285714285714287,83.42857142857143,2024-12-03
Grand Est,4.542857142857143,86.28571428571429,2024-12-03
Hauts-de-France,6.8428571428571425,85.57142857142857,2024-12-03
Normandie,7.557142857142857,86.85714285714286,2024-12-03
Nouvelle-Aquitaine,8.928571428571429,85.0,2024-12-03
Occitanie,7.757142857142857,86.42857142857143,2024-12-03
Pays de la Loire,8.914285714285715,81.71428571428571,2024-12-03
Provence-Alpes-Côte d'Azur,9.228571428571428,68.85714285714286,2024-12-03
Île-de-France,7.185714285714285,86.42857142857143,2024-12-03
Auvergne-Rhône-Alpes,2.5,90.0,2024-12-10
Bourgogne-Franche-Comté,2.3285714285714287,90.85714285714286,2024-12-10
Bretagne,5.042857142857143,88.14285714285714,2024-12-10
Centre-Val de Loire,4.271428571428571,88.28571428571429,2024-12-10
Corse,0.35714285714285715,81.71428571428571,2024-12-10
Grand Est,2.6999999999999997,88.28571428571429,2024-12-10
Hauts-de-France,5.0,87.85714285714286,2024-12-10
Normandie,5.214285714285714,88.42857142857143,2024-12-10
Nouvelle-Aquitaine,5.928571428571429,86.42857142857143,2024-12-10
Occitanie,5.2,86.85714285714286,2024-12-10
Pays de la Loire,4.957142857142857,88.71428571428571,2024-12-10
Provence-Alpes-Côte d'Azur,9.128571428571428,73.14285714285714,2024-12-10
Île-de-France,5.0,87.71428571428571,2024-12-10
Auvergne-Rhône-Alpes,5.071428571428571,86.42857142857143,2024-12-17
Bourgogne-Franche-Comté,5.014285714285714,88.14285714285714,2024-12-17
Bretagne,8.385714285714286,84.85714285714286,2024-12-17
Centre-Val de Loire,7.385714285714286,83.71428571428571,2024-12-17
Corse,0.5142857142857143,77.42857142857143,2024-12-17
Grand Est,5.142857142857143,83.28571428571429,2024-12-17
Hauts-de-France,7.571428571428571,82.57142857142857,2024-12-17
Normandie,7.957142857142857,84.85714285714286,2024-12-17
Nouvelle-Aquitaine,9.042857142857143,82.28571428571429,2024-12-17
Occitanie,7.8999999999999995,83.71428571428571,2024-12-17
Pays de la Loire,9.142857142857142,82.71428571428571,2024-12-17
Provence-Alpes-Côte d'Azur,10.042857142857143,70.14285714285714,2024-12-17
Île-de-France,7.7,83.85714285714286,2024-12-17
Auvergne-Rhône-Alpes,0.942857142857143,88.57142857142857,2024-12-24
Bourgogne-Franche-Comté,1.1428571428571428,89.71428571428571,2024-12-24
Bretagne,7.271428571428571,94.42857142857143,2024-12-24
Centre-Val de Loire,4.585714285714286,92.28571428571429,2024-12-24
Corse,0.6142857142857142,58.57142857142857,2024-12-24
Grand Est,0.0714285714285714,90.42857142857143,2024-12-24
Hauts-de-France,5.142857142857143,93.71428571428571,2024-12-24
Normandie,5.6000000000000005,95.0,2024-12-24
Nouvelle-Aquitaine,6.5,94.42857142857143,2024-12-24
Occitanie,4.771428571428571,92.14285714285714,2024-12-24
Pays de la Loire,6.557142857142857,92.42857142857143,2024-12-24
Provence-Alpes-Côte d'Azur,7.114285714285714,55.57142857142857,2024-12-24
Île-de-France,4.728571428571429,93.57142857142857,2024-12-24
Auvergne-Rhône-Alpes,4.085714285714286,88.71428571428571,2024-12-31
Bourgogne-Franche-Comté,3.0714285714285716,84.0,2024-12-31
Bretagne,6.685714285714285,89.14285714285714,2024-12-31
Centre-Val de Loire,5.242857142857143,86.28571428571429,2024-12-31
Corse,1.8857142857142857,78.28571428571429,2024-12-31
Grand Est,2.6,81.0,2024-12-31
Hauts-de-France,4.814285714285715,86.42857142857143,2024-12-31
Normandie,5.242857142857143,86.85714285714286,2024-12-31
Nouvelle-Aquitaine,7.871428571428572,85.42857142857143,2024-12-31
Occitanie,7.8,91.28571428571429,2024-12-31
Pays de la Loire,7.742857142857142,87.0,2024-12-31
Provence-Alpes-Côte d'Azur,9.714285714285714,82.57142857142857,2024-12-31
Île-de-France,4.942857142857142,87.42857142857143,2024-12-31
Auvergne-Rhône-Alpes,4.485714285714286,80.0,2025-01-07
Bourgogne-Franche-Comté,3.1999999999999997,82.42857142857143,2025-01-07
Bretagne,3.2714285714285714,89.57142857142857,2025-01-07
Centre-Val de Loire,3.8,86.0,2025-01-07
Corse,2.2714285714285714,88.28571428571429,2025-01-07
Grand Est,2.3000000000000003,83.0,2025-01-07
Hauts-de-France,-0.08571428571428573,93.42857142857143,2025-01-07
Normandie,2.0,91.28571428571429,2025-01-07
Nouvelle-Aquitaine,8.357142857142858,82.42857142857143,2025-01-07
Occitanie,7.128571428571428,81.85714285714286,2025-01-07
Pays de la Loire,5.414285714285714,86.57142857142857,2025-01-07
Provence-Alpes-Côte d'Azur,8.971428571428572,73.0,2025-01-07
Île-de-France,3.6142857142857143,87.0,2025-01-07
Auvergne-Rhône-Alpes,-0.5285714285714285,87.57142857142857,2025-01-14
Bourgogne-Franche-Comté,-0.31428571428571433,86.28571428571429,2025-01-14
Bretagne,1.8857142857142857,90.42857142857143,2025-01-14
Centre-Val de Loire,-0.08571428571428574,90.85714285714286,2025-01-14
Corse,-0.34285714285714286,81.0,2025-01-14
Grand Est,-1.0285714285714285,91.57142857142857,2025-01-14
Hauts-de-France,0.6714285714285715,93.28571428571429,2025-01-14
Normandie,1.7,89.85714285714286,2025-01-14
Nouvelle-Aquitaine,1.2285714285714284,88.85714285714286,2025-01-14
Occitanie,1.6999999999999997,86.0,2025-01-14
Pays de la Loire,1.6857142857142855,89.28571428571429,2025-01-14
Provence-Alpes-Côte d'Azur,7.242857142857143,62.714285714285715,2025-01-14
Île-de-France,0.9142857142857144,92.0,2025-01-14
Auvergne-Rhône-Alpes,8.128571428571428,80.14285714285714,2025-01-21
Bourgogne-Franche-Comté,6.328571428571428,82.85714285714286,2025-01-21
Bretagne,5.714285714285714,93.42857142857143,2025-01-21
Centre-Val de Loire,7.071428571428571,85.42857142857143,2025-01-21
Corse,3.7714285714285714,85.14285714285714,2025-01-21
Grand Est,5.014285714285714,78.85714285714286,2025-01-21
Hauts-de-France,4.742857142857143,89.42857142857143,2025-01-21
Normandie,5.442857142857143,91.57142857142857,2025-01-21
Nouvelle-Aquitaine,9.785714285714286,82.71428571428571,2025-01-21
Occitanie,9.0,86.28571428571429,2025-01-21
Pays de la Loire,7.814285714285715,89.85714285714286,2025-01-21
Provence-Alpes-Côte d'Azur,12.37142857142857,82.57142857142857,2025-01-21
Île-de-France,6.671428571428572,87.28571428571429,2025-01-21
Auvergne-Rhône-Alpes,5.228571428571429,85.42857142857143,2025-01-28
Bourgogne-Franche-Comté,3.9714285714285715,85.28571428571429,2025-01-28
Bretagne,5.671428571428572,88.0,2025-01-28
Centre-Val de Loire,3.6714285714285713,89.14285714285714,2025-01-28
Corse,2.3285714285714287,87.57142857142857,2025-01-28
Grand Est,3.5714285714285716,83.85714285714286,2025-01-28
Hauts-de-France,3.857142857142857,86.85714285714286,2025-01-28
Normandie,4.371428571428572,89.14285714285714,2025-01-28
Nouvelle-Aquitaine,6.828571428571428,83.57142857142857,2025-01-28
Occitanie,6.357142857142857,82.85714285714286,2025-01-28
Pays de la Loire,5.542857142857144,87.57142857142857,2025-01-28
Provence-Alpes-Côte d'Azur,10.228571428571428,77.57142857142857,2025-01-28
Île-de-France,4.285714285714286,88.42857142857143,2025-01-28
Auvergne-Rhône-Alpes,4.071428571428571,86.42857142857143,2025-02-04
Bourgogne-Franche-Comté,2.957142857142857,91.14285714285714,2025-02-04
Bretagne,4.642857142857143,86.42857142857143,2025-02-04
Centre-Val de Loire,3.8428571428571425,88.14285714285714,2025-02-04
Corse,2.2857142857142856,73.42857142857143,2025-02-04
Grand Est,1.1428571428571428,89.57142857142857,2025-02-04
Hauts-de-France,3.6571428571428575,87.28571428571429,2025-02-04
Normandie,4.057142857142857,89.71428571428571,2025-02-04
Nouvelle-Aquitaine,5.942857142857143,91.42857142857143,2025-02-04
Occitanie,5.8999999999999995,85.28571428571429,2025-02-04
Pays de la Loire,4.785714285714286,89.14285714285714,2025-02-04
Provence-Alpes-Côte d'Azur,9.6,78.71428571428571,2025-02-04
Île-de-France,4.214285714285714,88.14285714285714,2025-02-04
Auvergne-Rhône-Alpes,5.228571428571429,82.28571428571429,2025-02-11
Bourgogne-Franche-Comté,3.4,84.28571428571429,2025-02-11
Bretagne,4.957142857142857,87.28571428571429,2025-02-11
Centre-Val de Loire,3.728571428571428,81.85714285714286,2025-02-11
Corse,2.6714285714285713,80.57142857142857,2025-02-11
Grand Est,2.557142857142857,86.85714285714286,2025-02-11
Hauts-de-France,1.5285714285714285,83.14285714285714,2025-02-11
Normandie,2.642857142857143,81.71428571428571,2025-02-11
Nouvelle-Aquitaine,9.885714285714286,85.85714285714286,2025-02-11
Occitanie,9.5,83.42857142857143,2025-02-11
Pays de la Loire,6.085714285714286,85.0,2025-02-11
Provence-Alpes-Côte d'Azur,10.242857142857144,76.28571428571429,2025-02-11
Île-de-France,2.8,81.57142857142857,2025-02-11
Auvergne-Rhône-Alpes,8.842857142857143,85.28571428571429,2025-02-18
Bourgogne-Franche-Comté,7.542857142857143,85.85714285714286,2025-02-18
Bretagne,9.671428571428573,88.71428571428571,2025-02-18
Centre-Val de Loire,8.8,84.0,2025-02-18
Corse,4.257142857142857,83.0,2025-02-18
Grand Est,5.5,83.0,2025-02-18
Hauts-de-France,7.785714285714286,80.28571428571429,2025-02-18
Normandie,8.514285714285714,84.0,2025-02-18
Nouvelle-Aquitaine,11.571428571428571,82.71428571428571,2025-02-18
Occitanie,10.771428571428572,85.42857142857143,2025-02-18
Pays de la Loire,10.6,86.0,2025-02-18
Provence-Alpes-Côte d'Azur,11.828571428571427,82.85714285714286,2025-02-18
Île-de-France,8.742857142857144,83.42857142857143,2025-02-18
Auvergne-Rhône-Alpes,6.085714285714286,77.28571428571429,2025-02-25
Bourgogne-Franche-Comté,5.214285714285714,79.85714285714286,2025-02-25
Bretagne,5.2,81.57142857142857,2025-02-25
Centre-Val de Loire,5.557142857142857,82.71428571428571,2025-02-25
Corse,3.257142857142857,85.42857142857143,2025-02-25
Grand Est,5.042857142857143,81.57142857142857,2025-02-25
Hauts-de-France,4.8999999999999995,86.28571428571429,2025-02-25
Normandie,5.285714285714286,84.57142857142857,2025-02-25
Nouvelle-Aquitaine,8.657142857142857,74.42857142857143,2025-02-25
Occitanie,8.128571428571428,76.0,2025-02-25
Pays de la Loire,6.814285714285715,79.0,2025-02-25
Provence-Alpes-Côte d'Azur,10.614285714285714,70.42857142857143,2025-02-25
Île-de-France,5.814285714285715,83.0,2025-02-25
Auvergne-Rhône-Alpes,9.742857142857144,72.42857142857143,2025-03-04
Bourgogne-Franche-Comté,8.32857142857143,75.0,2025-03-04
Bretagne,9.4,83.28571428571429,2025-03-04
Centre-Val de Loire,9.700000000000001,73.71428571428571,2025-03-04
Corse,4.057142857142857,76.85714285714286,2025-03-04
Grand Est,6.057142857142857,82.42857142857143,2025-03-04
Hauts-de-France,9.228571428571428,72.28571428571429,2025-03-04
Normandie,9.671428571428569,75.42857142857143,2025-03-04
Nouvelle-Aquitaine,12.057142857142859,75.57142857142857,2025-03-04
Occitanie,11.685714285714285,75.42857142857143,2025-03-04
Pays de la Loire,11.014285714285714,78.57142857142857,2025-03-04
Provence-Alpes-Côte d'Azur,12.5,66.85714285714286,2025-03-04
Île-de-France,9.9,73.57142857142857,2025-03-04
Auvergne-Rhône-Alpes,6.0,82.42857142857143,2025-03-11
Bourgogne-Franche-Comté,5.0,87.28571428571429,2025-03-11
Bretagne,4.728571428571429,81.14285714285714,2025-03-11
Centre-Val de Loire,5.042857142857143,81.0,2025-03-11
Corse,2.8142857142857145,94.71428571428571,2025-03-11
Grand Est,5.257142857142857,81.57142857142857,2025-03-11
Hauts-de-France,4.171428571428572,77.71428571428571,2025-03-11
Normandie,4.742857142857143,78.14285714285714,2025-03-11
Nouvelle-Aquitaine,6.8,80.57142857142857,2025-03-11
Occitanie,7.1571428571428575,78.42857142857143,2025-03-11
Pays de la Loire,5.671428571428572,80.14285714285714,2025-03-11
Provence-Alpes-Côte d'Azur,9.814285714285715,80.0,2025-03-11
Île-de-France,5.228571428571429,77.28571428571429,2025-03-11
Auvergne-Rhône-Alpes,10.914285714285715,71.85714285714286,2025-03-18
Bourgogne-Franche-Comté,10.171428571428573,72.0,2025-03-18
Bretagne,9.985714285714286,84.85714285714286,2025-03-18
Centre-Val de Loire,10.414285714285715,79.0,2025-03-18
Corse,4.6571428571428575,80.85714285714286,2025-03-18
Grand Est,8.914285714285715,74.14285714285714,2025-03-18
Hauts-de-France,10.142857142857142,73.71428571428571,2025-03-18
Normandie,10.471428571428572,79.0,2025-03-18
Nouvelle-Aquitaine,12.285714285714286,76.71428571428571,2025-03-18
Occitanie,11.342857142857143,78.85714285714286,2025-03-18
Pays de la Loire,11.657142857142857,77.71428571428571,2025-03-18
Provence-Alpes-Côte d'Azur,12.271428571428572,71.57142857142857,2025-03-18
Île-de-France,10.985714285714286,76.57142857142857,2025-03-18
Auvergne-Rhône-Alpes,10.457142857142857,71.57142857142857,2025-03-25
Bourgogne-Franche-Comté,9.200000000000001,73.57142857142857,2025-03-25
Bretagne,9.742857142857144,82.14285714285714,2025-03-25
Centre-Val de Loire,8.6,82.28571428571429,2025-03-25
Corse,4.371428571428572,77.28571428571429,2025-03-25
Grand Est,9.0,74.28571428571429,2025-03-25
Hauts-de-France,8.628571428571428,80.85714285714286,2025-03-25
Normandie,9.4,79.85714285714286,2025-03-25
Nouvelle-Aquitaine,11.242857142857144,77.28571428571429,2025-03-25
Occitanie,10.585714285714285,75.42857142857143,2025-03-25
Pays de la Loire,10.214285714285714,80.28571428571429,2025-03-25
Provence-Alpes-Côte d'Azur,13.157142857142857,66.85714285714286,2025-03-25
Île-de-France,9.528571428571428,78.42857142857143,2025-03-25
Auvergne-Rhône-Alpes,12.357142857142858,67.14285714285714,2025-04-01
Bourgogne-Franche-Comté,10.914285714285715,66.57142857142857,2025-04-01
Bretagne,11.857142857142858,75.85714285714286,2025-04-01
Centre-Val de Loire,12.442857142857141,66.71428571428571,2025-04-01
Corse,6.542857142857143,69.28571428571429,2025-04-01
Grand Est,10.585714285714285,59.57142857142857,2025-04-01
Hauts-de-France,11.171428571428573,62.714285714285715,2025-04-01
Normandie,12.842857142857143,58.857142857142854,2025-04-01
Nouvelle-Aquitaine,13.842857142857143,71.57142857142857,2025-04-01
Occitanie,14.685714285714285,60.285714285714285,2025-04-01
Pays de la Loire,13.700000000000001,65.14285714285714,2025-04-01
Provence-Alpes-Côte d'Azur,15.214285714285714,56.285714285714285,2025-04-01
Île-de-France,12.785714285714286,60.0,2025-04-01
Auvergne-Rhône-Alpes,13.514285714285714,70.42857142857143,2025-04-08
Bourgogne-Franche-Comté,12.014285714285714,71.14285714285714,2025-04-08
Bretagne,10.828571428571427,77.28571428571429,2025-04-08
Centre-Val de Loire,11.742857142857144,74.85714285714286,2025-04-08
Corse,7.728571428571429,81.42857142857143,2025-04-08
Grand Est,12.614285714285714,57.714285714285715,2025-04-08
Hauts-de-France,11.471428571428572,65.42857142857143,2025-04-08
Normandie,12.285714285714286,65.42857142857143,2025-04-08
Nouvelle-Aquitaine,15.4,70.28571428571429,2025-04-08
Occitanie,16.085714285714285,67.28571428571429,2025-04-08
Pays de la Loire,13.928571428571429,64.42857142857143,2025-04-08
Provence-Alpes-Côte d'Azur,14.957142857142857,71.57142857142857,2025-04-08
Île-de-France,12.985714285714286,62.142857142857146,2025-04-08
Auvergne-Rhône-Alpes,11.785714285714286,78.71428571428571,2025-04-15
Bourgogne-Franche-Comté,10.142857142857142,84.42857142857143,2025-04-15
Bretagne,9.671428571428573,86.57142857142857,2025-04-15
Centre-Val de Loire,11.1,80.42857142857143,2025-04-15
Corse,6.557142857142857,86.71428571428571,2025-04-15
Grand Est,10.971428571428572,78.57142857142857,2025-04-15
Hauts-de-France,12.1,67.71428571428571,2025-04-15
Normandie,12.814285714285715,66.14285714285714,2025-04-15
Nouvelle-Aquitaine,11.985714285714286,79.71428571428571,2025-04-15
Occitanie,11.257142857142856,80.0,2025-04-15
Pays de la Loire,11.6,78.28571428571429,2025-04-15
Provence-Alpes-Côte d'Azur,14.057142857142855,76.57142857142857,2025-04-15
Île-de-France,12.685714285714285,69.0,2025-04-15
Auvergne-Rhône-Alpes,13.0,77.42857142857143,2025-04-22
Bourgogne-Franche-Comté,11.814285714285715,81.28571428571429,2025-04-22
Bretagne,11.742857142857144,81.0,2025-04-22
Centre-Val de Loire,12.185714285714285,82.0,2025-04-22
Corse,7.728571428571429,81.42857142857143,2025-04-22
Grand Est,12.542857142857143,76.42857142857143,2025-04-22
Hauts-de-France,11.985714285714286,75.57142857142857,2025-04-22
Normandie,12.571428571428571,74.57142857142857,2025-04-22
Nouvelle-Aquitaine,13.642857142857142,80.85714285714286,2025-04-22
Occitanie,13.37142857142857,81.71428571428571,2025-04-22
Pays de la Loire,13.214285714285714,79.0,2025-04-22
Provence-Alpes-Côte d'Azur,16.4,64.85714285714286,2025-04-22
Île-de-France,13.385714285714286,74.0,2025-04-22
Auvergne-Rhône-Alpes,16.77142857142857,71.42857142857143,2025-04-29
Bourgogne-Franche-Comté,16.057142857142857,70.85714285714286,2025-04-29
Bretagne,14.785714285714286,75.14285714285714,2025-04-29
Centre-Val de Loire,16.214285714285715,72.28571428571429,2025-04-29
Corse,10.971428571428572,69.28571428571429,2025-04-29
Grand Est,16.6,62.857142857142854,2025-04-29
Hauts-de-France,16.12857142857143,57.142857142857146,2025-04-29
Normandie,17.0,58.285714285714285,2025-04-29
Nouvelle-Aquitaine,17.714285714285715,67.85714285714286,2025-04-29
Occitanie,17.82857142857143,62.857142857142854,2025-04-29
Pays de la Loire,17.04285714285714,69.85714285714286,2025-04-29
Provence-Alpes-Côte d'Azur,18.642857142857142,57.714285714285715,2025-04-29
Île-de-France,18.285714285714285,53.42857142857143,2025-04-29
Auvergne-Rhône-Alpes,13.4,74.0,2025-05-06
Bourgogne-Franche-Comté,13.142857142857142,67.42857142857143,2025-05-06
Bretagne,11.228571428571428,79.71428571428571,2025-05-06
Centre-Val de Loire,12.985714285714286,73.14285714285714,2025-05-06
Corse,7.428571428571429,79.28571428571429,2025-05-06
Grand Est,14.299999999999999,52.0,2025-05-06
Hauts-de-France,14.471428571428572,55.714285714285715,2025-05-06
Normandie,13.6,67.0,2025-05-06
Nouvelle-Aquitaine,14.599999999999998,70.0,2025-05-06
Occitanie,14.014285714285714,75.85714285714286,2025-05-06
Pays de la Loire,13.471428571428572,71.0,2025-05-06
Provence-Alpes-Côte d'Azur,15.928571428571429,63.42857142857143,2025-05-06
Île-de-France,14.742857142857144,58.285714285714285,2025-05-06
Auvergne-Rhône-Alpes,16.757142857142856,59.142857142857146,2025-05-13
Bourgogne-Franche-Comté,15.385714285714286,58.57142857142857,2025-05-13
Bretagne,12.842857142857143,80.0,2025-05-13
Centre-Val de Loire,14.242857142857144,71.57142857142857,2025-05-13
Corse,9.485714285714286,70.71428571428571,2025-05-13
Grand Est,16.45714285714286,46.57142857142857,2025-05-13
Hauts-de-France,14.042857142857143,67.14285714285714,2025-05-13
Normandie,13.728571428571428,73.14285714285714,2025-05-13
Nouvelle-Aquitaine,17.285714285714285,71.0,2025-05-13
Occitanie,17.071428571428573,71.0,2025-05-13
Pays de la Loire,16.285714285714285,63.42857142857143,2025-05-13
Provence-Alpes-Côte d'Azur,18.7,63.142857142857146,2025-05-13
Île-de-France,15.414285714285715,62.285714285714285,2025-05-13
Auvergne-Rhône-Alpes,16.785714285714285,58.142857142857146,2025-05-20
Bourgogne-Franche-Comté,14.085714285714285,74.14285714285714,2025-05-20
Bretagne,13.642857142857142,80.28571428571429,2025-05-20
Centre-Val de Loire,14.542857142857143,71.0,2025-05-20
Corse,9.057142857142857,82.14285714285714,2025-05-20
Grand Est,15.042857142857143,64.28571428571429,2025-05-20
Hauts-de-France,13.542857142857143,66.85714285714286,2025-05-20
Normandie,14.242857142857144,70.71428571428571,2025-05-20
Nouvelle-Aquitaine,16.514285714285712,72.0,2025-05-20
Occitanie,15.62857142857143,75.0,2025-05-20
Pays de la Loire,15.614285714285714,70.0,2025-05-20
Provence-Alpes-Côte d'Azur,19.342857142857145,52.57142857142857,2025-05-20
Île-de-France,15.357142857142858,61.57142857142857,2025-05-20
Auvergne-Rhône-Alpes,21.37142857142857,59.0,2025-05-27
Bourgogne-Franche-Comté,19.228571428571428,66.71428571428571,2025-05-27
Bretagne,15.957142857142857,80.57142857142857,2025-05-27
Centre-Val de Loire,18.342857142857145,74.42857142857143,2025-05-27
Corse,14.671428571428573,64.42857142857143,2025-05-27
Grand Est,18.67142857142857,72.57142857142857,2025-05-27
Hauts-de-France,16.37142857142857,77.57142857142857,2025-05-27
Normandie,17.085714285714285,75.57142857142857,2025-05-27
Nouvelle-Aquitaine,20.457142857142856,67.14285714285714,2025-05-27
Occitanie,21.67142857142857,63.857142857142854,2025-05-27
Pays de la Loire,18.485714285714288,72.85714285714286,2025-05-27
Provence-Alpes-Côte d'Azur,22.3,55.857142857142854,2025-05-27
Île-de-France,19.071428571428573,68.28571428571429,2025-05-27
Auvergne-Rhône-Alpes,18.87142857142857,78.85714285714286,2025-06-03
Bourgogne-Franche-Comté,16.842857142857145,76.85714285714286,2025-06-03
Bretagne,13.557142857142859,84.0,2025-06-03
Centre-Val de Loire,16.114285714285714,73.42857142857143,2025-06-03
Corse,16.785714285714285,56.285714285714285,2025-06-03
Grand Est,17.442857142857143,77.71428571428571,2025-06-03
Hauts-de-France,15.185714285714285,70.57142857142857,2025-06-03
Normandie,15.457142857142857,73.85714285714286,2025-06-03
Nouvelle-Aquitaine,18.5,74.0,2025-06-03
Occitanie,19.32857142857143,74.85714285714286,2025-06-03
Pays de la Loire,16.214285714285715,75.14285714285714,2025-06-03
Provence-Alpes-Côte d'Azur,22.3,64.85714285714286,2025-06-03
Île-de-France,16.728571428571428,69.0,2025-06-03
Auvergne-Rhône-Alpes,23.885714285714283,56.857142857142854,2025-06-10
Bourgogne-Franche-Comté,22.142857142857142,62.857142857142854,2025-06-10
Bretagne,17.04285714285714,80.28571428571429,2025-06-10
Centre-Val de Loire,21.271428571428572,66.57142857142857,2025-06-10
Corse,19.542857142857144,58.57142857142857,2025-06-10
Grand Est,21.314285714285713,69.14285714285714,2025-06-10
Hauts-de-France,19.942857142857143,65.0,2025-06-10
Normandie,19.042857142857144,75.14285714285714,2025-06-10
Nouvelle-Aquitaine,22.842857142857145,66.85714285714286,2025-06-10
Occitanie,24.142857142857142,60.714285714285715,2025-06-10
Pays de la Loire,20.2,68.14285714285714,2025-06-10
Provence-Alpes-Côte d'Azur,24.657142857142855,53.142857142857146,2025-06-10
Île-de-France,21.900000000000002,62.285714285714285,2025-06-10
Auvergne-Rhône-Alpes,26.728571428571428,48.285714285714285,2025-06-17
Bourgogne-Franche-Comté,24.185714285714287,53.285714285714285,2025-06-17
Bretagne,20.657142857142855,70.71428571428571,2025-06-17
Centre-Val de Loire,23.514285714285712,56.857142857142854,2025-06-17
Corse,18.12857142857143,58.0,2025-06-17
Grand Est,22.857142857142858,58.42857142857143,2025-06-17
Hauts-de-France,21.914285714285715,53.42857142857143,2025-06-17
Normandie,21.7,60.857142857142854,2025-06-17
Nouvelle-Aquitaine,24.7,63.0,2025-06-17
Occitanie,27.099999999999998,49.0,2025-06-17
Pays de la Loire,24.357142857142858,55.0,2025-06-17
Provence-Alpes-Côte d'Azur,25.557142857142857,60.57142857142857,2025-06-17
Île-de-France,24.8,47.285714285714285,2025-06-17
Auvergne-Rhône-Alpes,28.17142857142857,46.142857142857146,2025-06-24
Bourgogne-Franche-Comté,25.099999999999998,58.142857142857146,2025-06-24
Bretagne,20.014285714285712,78.71428571428571,2025-06-24
Centre-Val de Loire,23.97142857142857,64.14285714285714,2025-06-24
Corse,21.17142857142857,53.714285714285715,2025-06-24
Grand Est,25.957142857142856,52.857142857142854,2025-06-24
Hauts-de-France,20.87142857142857,74.14285714285714,2025-06-24
Normandie,21.728571428571428,75.71428571428571,2025-06-24
Nouvelle-Aquitaine,26.62857142857143,57.857142857142854,2025-06-24
Occitanie,27.728571428571428,53.857142857142854,2025-06-24
Pays de la Loire,23.4,66.28571428571429,2025-06-24
Provence-Alpes-Côte d'Azur,28.37142857142857,56.42857142857143,2025-06-24
Île-de-France,24.614285714285717,60.42857142857143,2025-06-24
Auvergne-Rhône-Alpes,26.0,44.714285714285715,2025-07-01
Bourgogne-Franche-Comté,23.02857142857143,52.57142857142857,2025-07-01
Bretagne,17.599999999999998,73.42857142857143,2025-07-01
Centre-Val de Loire,21.657142857142855,59.0,2025-07-01
Corse,19.47142857142857,63.42857142857143,2025-07-01
Grand Est,24.057142857142857,51.57142857142857,2025-07-01
Hauts-de-France,20.228571428571428,65.85714285714286,2025-07-01
Normandie,19.685714285714287,68.85714285714286,2025-07-01
Nouvelle-Aquitaine,24.614285714285717,57.714285714285715,2025-07-01
Occitanie,26.25714285714286,51.714285714285715,2025-07-01
Pays de la Loire,21.214285714285715,59.142857142857146,2025-07-01
Provence-Alpes-Côte d'Azur,28.8,48.714285714285715,2025-07-01
Île-de-France,22.457142857142856,55.714285714285715,2025-07-01
Auvergne-Rhône-Alpes,22.928571428571427,50.714285714285715,2025-07-08
Bourgogne-Franche-Comté,20.571428571428573,56.857142857142854,2025-07-08
Bretagne,19.82857142857143,66.42857142857143,2025-07-08
Centre-Val de Loire,21.47142857142857,57.57142857142857,2025-07-08
Corse,15.642857142857142,60.857142857142854,2025-07-08
Grand Est,19.62857142857143,65.71428571428571,2025-07-08
Hauts-de-France,19.12857142857143,69.71428571428571,2025-07-08
Normandie,20.714285714285715,62.57142857142857,2025-07-08
Nouvelle-Aquitaine,23.685714285714287,54.285714285714285,2025-07-08
Occitanie,24.0,51.714285714285715,2025-07-08
Pays de la Loire,22.814285714285713,54.285714285714285,2025-07-08
Provence-Alpes-Côte d'Azur,23.0,56.857142857142854,2025-07-08
Île-de-France,21.74285714285714,58.857142857142854,2025-07-08
Auvergne-Rhône-Alpes,23.37142857142857,60.714285714285715,2025-07-15
Bourgogne-Franche-Comté,21.37142857142857,62.57142857142857,2025-07-15
Bretagne,18.157142857142855,78.85714285714286,2025-07-15
Centre-Val de Loire,21.25714285714286,66.71428571428571,2025-07-15
Corse,19.685714285714283,61.714285714285715,2025-07-15
Grand Est,21.142857142857142,66.85714285714286,2025-07-15
Hauts-de-France,20.457142857142856,65.57142857142857,2025-07-15
Normandie,19.585714285714285,80.14285714285714,2025-07-15
Nouvelle-Aquitaine,22.52857142857143,64.85714285714286,2025-07-15
Occitanie,24.142857142857142,57.142857142857146,2025-07-15
Pays de la Loire,20.24285714285714,74.85714285714286,2025-07-15
Provence-Alpes-Côte d'Azur,26.7,54.0,2025-07-15
Île-de-France,21.571428571428573,66.28571428571429,2025-07-15
Auvergne-Rhône-Alpes,20.114285714285717,65.71428571428571,2025-07-22
Bourgogne-Franche-Comté,18.457142857142856,74.28571428571429,2025-07-22
Bretagne,16.67142857142857,80.0,2025-07-22
Centre-Val de Loire,18.485714285714288,75.42857142857143,2025-07-22
Corse,15.9,66.14285714285714,2025-07-22
Grand Est,18.785714285714285,79.14285714285714,2025-07-22
Hauts-de-France,18.5,77.42857142857143,2025-07-22
Normandie,18.071428571428573,81.71428571428571,2025-07-22
Nouvelle-Aquitaine,20.771428571428572,67.28571428571429,2025-07-22
Occitanie,20.37142857142857,67.57142857142857,2025-07-22
Pays de la Loire,18.5,78.57142857142857,2025-07-22
Provence-Alpes-Côte d'Azur,23.685714285714287,55.714285714285715,2025-07-22
Île-de-France,18.87142857142857,77.42857142857143,2025-07-22
Auvergne-Rhône-Alpes,21.25714285714286,53.714285714285715,2025-07-29
Bourgogne-Franche-Comté,18.442857142857143,70.85714285714286,2025-07-29
Bretagne,17.7,78.14285714285714,2025-07-29
Centre-Val de Loire,18.885714285714283,70.28571428571429,2025-07-29
Corse,14.785714285714286,68.28571428571429,2025-07-29
Grand Est,17.614285714285717,80.71428571428571,2025-07-29
Hauts-de-France,18.22857142857143,76.0,2025-07-29
Normandie,18.157142857142855,79.14285714285714,2025-07-29
Nouvelle-Aquitaine,21.414285714285715,63.42857142857143,2025-07-29
Occitanie,22.5,51.57142857142857,2025-07-29
Pays de la Loire,19.385714285714283,70.28571428571429,2025-07-29
Provence-Alpes-Côte d'Azur,24.071428571428573,44.57142857142857,2025-07-29
Île-de-France,19.228571428571428,73.0,2025-07-29
Auvergne-Rhône-Alpes,26.400000000000002,41.857142857142854,2025-08-05
Bourgogne-Franche-Comté,22.614285714285717,53.142857142857146,2025-08-05
Bretagne,18.8,67.42857142857143,2025-08-05
Centre-Val de Loire,21.485714285714288,55.142857142857146,2025-08-05
Corse,19.914285714285715,57.0,2025-08-05
Grand Est,20.47142857142857,69.42857142857143,2025-08-05
Hauts-de-France,19.585714285714285,62.0,2025-08-05
Normandie,19.771428571428572,64.42857142857143,2025-08-05
Nouvelle-Aquitaine,26.314285714285713,46.0,2025-08-05
Occitanie,28.485714285714288,44.142857142857146,2025-08-05
Pays de la Loire,22.057142857142857,54.857142857142854,2025-08-05
Provence-Alpes-Côte d'Azur,25.414285714285715,53.142857142857146,2025-08-05
Île-de-France,21.514285714285712,56.285714285714285,2025-08-05
Auvergne-Rhône-Alpes,28.857142857142858,40.714285714285715,2025-08-12
Bourgogne-Franche-Comté,26.32857142857143,47.714285714285715,2025-08-12
Bretagne,21.442857142857143,71.14285714285714,2025-08-12
Centre-Val de Loire,24.842857142857145,55.285714285714285,2025-08-12
Corse,20.400000000000002,50.857142857142854,2025-08-12
Grand Est,23.214285714285715,68.42857142857143,2025-08-12
Hauts-de-France,21.614285714285717,67.57142857142857,2025-08-12
Normandie,22.214285714285715,66.14285714285714,2025-08-12
Nouvelle-Aquitaine,28.185714285714287,55.857142857142854,2025-08-12
Occitanie,30.071428571428573,45.857142857142854,2025-08-12
Pays de la Loire,25.071428571428573,56.42857142857143,2025-08-12
Provence-Alpes-Côte d'Azur,29.5,43.714285714285715,2025-08-12
Île-de-France,24.75714285714286,55.0,2025-08-12
Auvergne-Rhône-Alpes,20.342857142857145,63.0,2025-08-19
Bourgogne-Franche-Comté,18.085714285714285,70.28571428571429,2025-08-19
Bretagne,17.914285714285715,76.85714285714286,2025-08-19
Centre-Val de Loire,18.357142857142858,72.0,2025-08-19
Corse,15.857142857142858,72.57142857142857,2025-08-19
Grand Est,18.428571428571427,70.42857142857143,2025-08-19
Hauts-de-France,18.02857142857143,60.142857142857146,2025-08-19
Normandie,18.3,67.57142857142857,2025-08-19
Nouvelle-Aquitaine,21.47142857142857,67.71428571428571,2025-08-19
Occitanie,21.271428571428572,70.14285714285714,2025-08-19
Pays de la Loire,20.842857142857145,61.714285714285715,2025-08-19
Provence-Alpes-Côte d'Azur,23.75714285714286,61.42857142857143,2025-08-19
Île-de-France,19.414285714285715,63.142857142857146,2025-08-19
Auvergne-Rhône-Alpes,20.042857142857144,75.71428571428571,2025-08-26
Bourgogne-Franche-Comté,18.37142857142857,80.0,2025-08-26
Bretagne,16.114285714285714,83.57142857142857,2025-08-26
Centre-Val de Loire,18.085714285714285,76.85714285714286,2025-08-26
Corse,15.928571428571429,71.42857142857143,2025-08-26
Grand Est,18.885714285714283,81.0,2025-08-26
Hauts-de-France,18.814285714285713,67.42857142857143,2025-08-26
Normandie,18.085714285714285,76.0,2025-08-26
Nouvelle-Aquitaine,19.728571428571428,80.14285714285714,2025-08-26
Occitanie,20.0,79.85714285714286,2025-08-26
Pays de la Loire,18.357142857142858,78.85714285714286,2025-08-26
Provence-Alpes-Côte d'Azur,23.142857142857142,69.57142857142857,2025-08-26
Île-de-France,19.47142857142857,68.42857142857143,2025-08-26
Auvergne-Rhône-Alpes,18.842857142857145,76.57142857142857,2025-09-02
Bourgogne-Franche-Comté,17.67142857142857,79.28571428571429,2025-09-02
Bretagne,15.985714285714286,81.71428571428571,2025-09-02
Centre-Val de Loire,17.728571428571428,77.28571428571429,2025-09-02
Corse,15.200000000000001,59.42857142857143,2025-09-02
Grand Est,17.657142857142855,81.71428571428571,2025-09-02
Hauts-de-France,18.0,72.71428571428571,2025-09-02
Normandie,17.62857142857143,77.57142857142857,2025-09-02
Nouvelle-Aquitaine,19.67142857142857,77.28571428571429,2025-09-02
Occitanie,19.97142857142857,74.42857142857143,2025-09-02
Pays de la Loire,18.37142857142857,76.0,2025-09-02
Provence-Alpes-Côte d'Azur,21.228571428571428,70.42857142857143,2025-09-02
Île-de-France,18.457142857142856,74.42857142857143,2025-09-02
Auvergne-Rhône-Alpes,18.32857142857143,75.14285714285714,2025-09-09
Bourgogne-Franche-Comté,16.6,78.71428571428571,2025-09-09
Bretagne,14.357142857142858,83.57142857142857,2025-09-09
Centre-Val de Loire,16.242857142857144,78.0,2025-09-09
Corse,14.028571428571428,77.57142857142857,2025-09-09
Grand Est,16.9,79.57142857142857,2025-09-09
Hauts-de-France,15.514285714285714,73.85714285714286,2025-09-09
Normandie,15.400000000000002,78.14285714285714,2025-09-09
Nouvelle-Aquitaine,18.02857142857143,78.85714285714286,2025-09-09
Occitanie,18.385714285714283,77.71428571428571,2025-09-09
Pays de la Loire,16.585714285714285,79.85714285714286,2025-09-09
Provence-Alpes-Côte d'Azur,21.357142857142858,71.28571428571429,2025-09-09
Île-de-France,16.557142857142857,74.71428571428571,2025-09-09
Auvergne-Rhône-Alpes,18.8,67.0,2025-09-16
Bourgogne-Franche-Comté,16.3,78.85714285714286,2025-09-16
Bretagne,14.685714285714285,84.0,2025-09-16
Centre-Val de Loire,16.414285714285715,77.0,2025-09-16
Corse,16.642857142857142,59.57142857142857,2025-09-16
Grand Est,16.45714285714286,79.42857142857143,2025-09-16
Hauts-de-France,16.385714285714286,75.71428571428571,2025-09-16
Normandie,16.685714285714287,77.0,2025-09-16
Nouvelle-Aquitaine,19.085714285714285,73.42857142857143,2025-09-16
Occitanie,19.428571428571427,68.71428571428571,2025-09-16
Pays de la Loire,16.771428571428572,79.0,2025-09-16
Provence-Alpes-Côte d'Azur,21.2,69.71428571428571,2025-09-16
Île-de-France,17.314285714285713,71.85714285714286,2025-09-16
Auvergne-Rhône-Alpes,11.971428571428572,82.42857142857143,2025-09-23
Bourgogne-Franche-Comté,11.242857142857144,87.0,2025-09-23
Bretagne,11.87142857142857,79.85714285714286,2025-09-23
Centre-Val de Loire,11.5,85.14285714285714,2025-09-23
Corse,9.814285714285715,76.14285714285714,2025-09-23
Grand Est,11.5,90.0,2025-09-23
Hauts-de-France,11.942857142857141,76.28571428571429,2025-09-23
Normandie,12.557142857142859,76.0,2025-09-23
Nouvelle-Aquitaine,13.742857142857144,77.71428571428571,2025-09-23
Occitanie,13.914285714285715,72.42857142857143,2025-09-23
Pays de la Loire,13.857142857142858,74.0,2025-09-23
Provence-Alpes-Côte d'Azur,16.02857142857143,70.28571428571429,2025-09-23
Île-de-France,12.1,83.14285714285714,2025-09-23
Auvergne-Rhône-Alpes,12.62857142857143,77.85714285714286,2025-09-30
Bourgogne-Franche-Comté,11.514285714285716,80.42857142857143,2025-09-30
Bretagne,13.042857142857143,81.85714285714286,2025-09-30
Centre-Val de Loire,12.814285714285715,78.57142857142857,2025-09-30
Corse,8.785714285714286,67.85714285714286,2025-09-30
Grand Est,10.985714285714286,81.57142857142857,2025-09-30
Hauts-de-France,13.071428571428571,76.14285714285714,2025-09-30
Normandie,13.414285714285715,78.57142857142857,2025-09-30
Nouvelle-Aquitaine,15.185714285714285,77.0,2025-09-30
Occitanie,15.557142857142859,68.28571428571429,2025-09-30
Pays de la Loire,14.842857142857143,74.14285714285714,2025-09-30
Provence-Alpes-Côte d'Azur,17.185714285714287,64.57142857142857,2025-09-30
Île-de-France,13.5,76.85714285714286,2025-09-30
Auvergne-Rhône-Alpes,12.514285714285714,87.28571428571429,2025-10-07
Bourgogne-Franche-Comté,12.5,85.42857142857143,2025-10-07
Bretagne,12.828571428571427,84.85714285714286,2025-10-07
Centre-Val de Loire,12.928571428571429,83.71428571428571,2025-10-07
Corse,10.971428571428572,70.71428571428571,2025-10-07
Grand Est,12.071428571428571,86.71428571428571,2025-10-07
Hauts-de-France,13.700000000000001,85.14285714285714,2025-10-07
Normandie,13.228571428571428,86.14285714285714,2025-10-07
Nouvelle-Aquitaine,15.514285714285714,80.71428571428571,2025-10-07
Occitanie,16.485714285714288,71.57142857142857,2025-10-07
Pays de la Loire,14.4,79.14285714285714,2025-10-07
Provence-Alpes-Côte d'Azur,17.257142857142856,74.0,2025-10-07
Île-de-France,13.485714285714286,83.71428571428571,2025-10-07
Auvergne-Rhône-Alpes,11.700000000000001,86.85714285714286,2025-10-14
Bourgogne-Franche-Comté,11.085714285714285,84.57142857142857,2025-10-14
Bretagne,12.571428571428571,82.28571428571429,2025-10-14
Centre-Val de Loire,12.228571428571428,81.42857142857143,2025-10-14
Corse,8.642857142857142,76.71428571428571,2025-10-14
Grand Est,11.314285714285715,82.71428571428571,2025-10-14
Hauts-de-France,12.614285714285714,85.28571428571429,2025-10-14
Normandie,12.828571428571427,82.71428571428571,2025-10-14
Nouvelle-Aquitaine,14.614285714285714,82.85714285714286,2025-10-14
Occitanie,16.25714285714286,74.42857142857143,2025-10-14
Pays de la Loire,13.757142857142856,78.0,2025-10-14
Provence-Alpes-Côte d'Azur,17.45714285714286,77.57142857142857,2025-10-14
Île-de-France,12.942857142857141,80.71428571428571,2025-10-14
